Company,Sector,Headquarters,Amount,Funding_Round_Type,Lead_Investors,Amount_USD
Unicommerce,SaaS,New Delhi,Rs 124.5 crore,-,Anchor investors,1494000000.0
Banana Club,Consumer > Fashion Tech,Karnataka,$1.39M,Seed,-,1390000.0
Neulife,HealthTech > Fitness & Wellness Tech,Maharashtra,$1M,Unattributed,Subhkam Ventures,1000000.0
Dhobi G,Consumer > Local Services,Tamil Nadu,$171K,Conventional Debt,Indian Overseas Bank,171000.0
Helex,Life Sciences > Genomics,Telangana,Undisclosed,Seed,Bluehill Capital Trust,
Michezo Sports,Consumer > Sports Services,Karnataka,$2.5M,Seed,Centre Court Capital,2500000.0
Celewish,Consumer > Communication Apps,Maharashtra,$750K,Angel,-,750000.0
Megaliter Varunaa,Environment > Waste & Water Management,Telangana,$1.71M,Seed,-,1710000.0
The Eye Foundation,Healthcare > Hospital Chains,Tamil Nadu,$75M,Series C,Verlinvest,75000000.0
Wonderland Foods,Food & Agriculture > Food & Beverage Products,Delhi,$16M,Series B,Asha,16000000.0
CapitalXB Finance,Financial Services > Consumer and SME Loans,Maharashtra,Undisclosed,Conventional Debt,Nicolas Walewski,
CapitalXB Finance,Financial Services > Consumer and SME Loans,Maharashtra,$15M,Seed,Nicolas Walewski,15000000.0
Berar Finance,Financial Services > Consumer and SME Loans,Maharashtra,$17M,PE,Abler Nordic,17000000.0
Uniphore,High Tech > Generative AI,California / Tamil Nadu,$260M,Series F,New Enterprise Associates,260000000.0
Umagine,Environment > Environment Consultancy Services,Delhi,$850K,Seed,Venture Catalysts,850000.0
Stylox,Consumer Goods > Apparel Brands,Haryana,$340K,Seed,thefef.net,340000.0
Fundamento,Enterprise Applications > Customer Service Software,California / Delhi,$1.9M,Seed,The Players Fund,1900000.0
Imagimake,Retail > Mom & Baby Care,Maharashtra,Undisclosed,Series B,Pidilite Ventures,
EKA,Energy Tech > Electric Vehicles,Maharashtra,$57M,Series A,NIIF,57000000.0
HooLiv,Consumer > Residential Real Estate Tech,Delhi,$2.73M,Seed,Negen Capital PMS,2730000.0
Healing Hands Clinic,Healthcare > Clinic Chains,Maharashtra,Undisclosed,PE,L Catterton,
Kraya,Enterprise Applications > SCM Software,Maharashtra,$113K,Seed,AID,113000.0
Zepto,Food and Agriculture Tech > Online Grocery,Karnataka,$300M,Series G,Goodwater Capital,300000000.0
DashamLabs,High Tech > Advanced Materials,Haryana,$1.36M,Seed,Speciale Invest,1360000.0
Kuku FM,Consumer > Vernacular Platforms,Maharashtra,$50M,Series C,Granite Asia,50000000.0
CoreStack,Enterprise Infrastructure > IT Operations,Washington / Tamil Nadu,$50M,Convertible Debt,Post Road Group,50000000.0
Thefragaria,Food and Agriculture Tech > Crop Tech,Tamil Nadu,$2M,Seed,WEH Ventures,2000000.0
Flowatt Batt,Energy Tech > Energy Storage Tech,Karnataka,$248K,Seed,PedalStart,248000.0
CoinDCX,FinTech > Cryptocurrencies,Maharashtra,Undisclosed,Series D,Coinbase,
Matters,Enterprise Infrastructure > Cybersecurity,Karnataka,$4.75M,Seed,Kalaari Capital,4750000.0
Airoclip,Mobile > Mobile Gaming,Karnataka,$2.75M,Seed,TAC,2750000.0
Airbound,High Tech > Drones,Karnataka,$8.65M,Seed,Humba Ventures,8650000.0
CIMCON,Energy > Oilfield Services,Gujarat,$5.86M,Series A,Niveshaay,5860000.0
HouseEazy,Consumer > Residential Real Estate Tech,Uttar Pradesh,$17M,Series B,Accel,17000000.0
SpeakX,EdTech > Continued Learning,Haryana,$16M,Series B,WestBridge Capital,16000000.0
Reia Diamonds,Consumer Goods > Fashion Accessories,Karnataka,$225K,Seed,Venture Catalysts,225000.0
MyWonder,Real Estate & Construction > Construction Management Services,Karnataka,$300K,Seed,Antler,300000.0
Ramkrishna Forgings,Auto > Auto Components,West Bengal,$23.1M,Post IPO,-,23100000.0
Exposome,Chemicals & Materials Tech > Chemicals Tech,Maharashtra,$2.59M,Seed,Colossa Ventures,2590000.0
GoodScore,FinTech > Alternative Lending,Karnataka,$13M,Series A,Peak XV Partners,13000000.0
Onida,Consumer Goods > TV & Audiovisual Products,Maharashtra,$14.8M,Post IPO,Authum,14800000.0
FS Life,Consumer > Fashion Tech,Haryana,$5.6M,Series B,Colossa Ventures,5600000.0
Hunger,Food & Agriculture > Food Service Chains,Maharashtra,Undisclosed,Series A,Lighthouse,
Hala Mobility,Consumer > Auto E-Commerce & Content,Telangana,$3.38M,Series A,Magnifiq Capital Trust,3380000.0
Qapita,FinTech > Investment Tech,Singapore / Telangana,$26.5M,Series B,MassMutual Ventures,26500000.0
Pantherun,Enterprise Infrastructure > Enterprise Networking,Karnataka,$12M,Series A,Info Edge Ventures,12000000.0
We360.ai,Enterprise Applications > HRTech,Madhya Pradesh,$2M,Seed,GSF,2000000.0
Ask My Guru,Consumer > Religion Tech,Karnataka,$500K,Seed,Matrimony.com,500000.0
Rusk Media,Media & Entertainment > Film & TV Studios,Maharashtra,Undisclosed,Series B,IvyCap Ventures Advisors,
FasTest,HealthTech > Healthcare Booking Platforms,Maharashtra,$135K,Seed,Inflection Point Ventures,135000.0
Ekkaa,Semiconductors > Display Technology,Haryana,$12.2M,Series A,-,12200000.0
Eternz,Consumer > Fashion Tech,Karnataka,Undisclosed,Seed,Multiply Ventures,
GH2 Solar,Energy > Solar Energy,Uttar Pradesh,$6.5M,Series A,GrowMo360,6500000.0
Jaagruk Bharat,Media & Entertainment > Internet First Media,Delhi,$169K,Seed,ajvc,169000.0
Meolaa,Retail > Beauty Tech,Karnataka,$6M,Seed,General Catalyst,6000000.0
Rusk Media,Media & Entertainment > Film & TV Studios,Maharashtra,$169K,Angel,Ramesh Gandhi,169000.0
TrusTerra,Auto > Auto Retail & Aftersales,Haryana,$1.01M,Seed,Finvolve,1010000.0
Battwheelz,Energy Tech > Electric Vehicles,Haryana,$225K,Seed,Finvolve,225000.0
Intangles,Consumer > Road Transport Tech,Maharashtra,$30M,Series B,Avataar Ventures,30000000.0
August AI,HealthTech > Disease Self Management,Karnataka,$3M,Seed,Accel,3000000.0
Consuma,Enterprise Applications > MarketingTech,Karnataka,$1.3M,Seed,Equirus Wealth,1300000.0
Goodmelts,Retail > Home Care E-Commerce,Karnataka,Undisclosed,Seed,Anicut Capital,
H2 Carbon Zero,Energy Tech > Energy Storage Tech,Delhi,$850K,Seed,Venture Catalysts,850000.0
ZillOut,Food and Agriculture Tech > Food Tech,Karnataka,$310K,Seed,Jindagilive Angel Network,310000.0
Dezerv,FinTech > Investment Tech,Maharashtra,$40M,Series C,Premji Invest,40000000.0
Vipul Organics,Chemicals & Materials > Dyes Pigments and Inks,Maharashtra,$3.97M,Post IPO,-,3970000.0
OZi,Retail > Mom & Baby Care,Haryana,$3.3M,Seed,Blume Venture,3300000.0
Lucio,High Tech > Chatbots,Karnataka,$5M,Series A,DeVC,5000000.0
Finarkein Analytics,FinTech > Banking Tech,Maharashtra,Undisclosed,Seed,DSP Group Family Office,
PRYM Aerospace,High Tech > Drones,Maharashtra,$2.41M,Seed,Lloyds steel,2410000.0
Ecoex,Environment Tech > Solid Waste Management Tech,Delhi,$4M,Seed,-,4000000.0
Navata Supply Chain Solutions,Business Services > Supply Chain Services,Telangana,$1.52M,Series A,Abyro Capital,1520000.0
AltMat,High Tech > Advanced Materials,Gujarat,Undisclosed,Seed,Rainmatter,
Exsure,Life Sciences > Oncology,Odisha,$11.3K,Seed,AIC-Nalanda Institute Of Technology Foundation,11300.0
DecorTwist,Consumer Goods > Home Furnishing Products,Uttar Pradesh,$200K,Seed,Tejas Paresh Lodaya,200000.0
GreyLabs,High Tech > Natural Language Processing,Maharashtra,$9.6M,Series A,Elevation Capital,9600000.0
Raise,FinTech > Investment Tech,Maharashtra,$120M,Series B,Beenext,120000000.0
JSW One MSME,Enterprise Applications > Manufacturing Tech,Maharashtra,$26.5M,Series B,Oneup Financial Consultants,26500000.0
ThrustWorks Dynetics,"Aerospace, Maritime & Defense Tech > Space Tech",Maharashtra,$789K,Seed,Jamwant Ventures,789000.0
ThrustWorks Dynetics,"Aerospace, Maritime & Defense Tech > Space Tech",Maharashtra,$789K,Seed,Jamwant Ventures,789000.0
Art Of Time,Consumer Goods > Retailers,Maharashtra,Undisclosed,Series B,Plutus Wealth Management,
Sammaan Capital,Financial Services > Consumer and SME Loans,Delhi,$1B,Post IPO,IHC / Marshall Wace,
Freight Tiger,Consumer > Logistics Tech,Maharashtra,$13.5M,Series C,Tata Motors / Lightspeed India,13500000.0
Recyclaro.com,Environment Tech > Solid Waste Management Tech,Uttar Pradesh,$1M,Seed,CapitalOven,1000000.0
GrowXCD,Financial Services > Consumer and SME Loans,Tamil Nadu,$22.5M,Series B,Blue Earth Capital / Lok Capital,22500000.0
Assesslim,High Tech > AI Infrastructure,West Bengal,$5M,Seed,Foxhog Ventures / IDEAS TIH,5000000.0
UNMANND,"Aerospace, Maritime and Defense Tech > Military Tech",Karnataka,$2M,Seed,Speciale Invest,2000000.0
VAMAm,Consumer > Local Services,Delhi,$2.5M,Seed,Wavemaker Partners / 7Square Ventures,2500000.0
Climaty AI,Enterprise Applications > AdTech,"Dubai, Karnataka",$2M,Seed,Turbostart,2000000.0
Ignosis,FinTech > Banking Tech,Gujarat,$4M,Seed,Peak XV Partners,4000000.0
Fyno,Enterprise Applications > Customer Success Management,Karnataka,$4M,Seed,Arkam Ventures / 3one4 Capital,4000000.0
Recur Club,FinTech > Alternative Lending,Delhi,$42M,Conventional Debt,InCred / Info Edge Ventures,42000000.0
Recur Club,FinTech > Alternative Lending,Delhi,$8M,Series A,Info Edge Ventures,8000000.0
Wit And Chai Group,Business Services > Marketing Services,Maharashtra,Undisclosed,Seed,Sanjay Katkar,
Hocco,Food and Agriculture > Food Service Chains,Gujarat,$13M,Series B,Sauce,13000000.0
Petpoojam,Food and Agriculture Tech > Food Tech,Gujarat,Undisclosed,Series C,Dharana / Gujarat Venture Finance,
Kapivas,Life Sciences > Nutraceuticals Tech,Karnataka,$28M,Series D,Vertex Growth / Jetty Ventures,28000000.0
Vaani Research Labs,High Tech > Chatbots,Karnataka,$400K,Seed,Venture Catalysts,400000.0
EF Polymer,Chemicals and Materials > Polymers,Rajasthan,Undisclosed,Series B,Toyoda Gosei / Beyond Next Ventures,
RUGR,FinTech > Banking Tech,Karnataka,$5M,Seed,Vikasa India EIF Fund,5000000.0
IGowise,Energy Tech > Electric Vehicles,Karnataka,-,-,-,
IGowise,Energy Tech > Electric Vehicles,Karnataka,-,-,-,
PharmEasy,Health Tech,Mumbai,$191.7 Mn,Debt,-,191700000.0
Emergent,AI,Gurugram,$23 Mn,Series A,Lightspeed Ventures,23000000.0
Chakr Innovation,Clean Tech,Gurugram,$23 Mn,Series C,Iron Pillar,23000000.0
Curefoods,Foodtech,Bengaluru,$18 Mn,–,3State Ventures,18000000.0
Handpickd,Consumer Services,Gurugram,$15 Mn,Series A,Bertelsmann India Investments,15000000.0
Rocket,AI,Bengaluru,$15 Mn,Seed,"Salesforce Ventures, Accel",15000000.0
Vedantu,Edtech,Bengaluru,$11 Mn,–,-,11000000.0
Simple Energy,Clean Tech,Bengaluru,$10 Mn,–,"Dr Arokiaswamy Velumani (founder, Thyrocare)",10000000.0
KisanKonnect,Agritech,Ahmednagar,$8.1 Mn,Pre-Series A,Bajaj Finserv Group,8100000.0
Distil,Ecommerce,Mumbai,$7.7 Mn,Series A,"Jungle Ventures, CE-Ventures",7700000.0
Gullak,Fintech,Bengaluru,$7.5 Mn,Series A,Chiratae Ventures,7500000.0
Oolka,Fintech,Bengaluru,$7 Mn,Seed,"Lightspeed India, Z47",7000000.0
PRISM,Travel Tech,Mumbai,$5.6 Mn,–,"InCred, Analah Capital",5600000.0
OnFinance,AI,Bengaluru,$4.2 Mn,Pre-Series A,Peak XV (Surge),4200000.0
Amwoodo,Ecommerce,Kolkata,$4 Mn,Pre-Series A,Rainmatter,4000000.0
Cosmoserve Space,Advanced Hardware & Technology,Hyderabad,$3.2 Mn,Pre-Seed,AVCF,3200000.0
P-TAL,Ecommerce,New Delhi,$3 Mn,Series A,"Venture Catalysts, Rainmatter",3000000.0
Xbattery,Clean Tech,Hyderabad,$2.3 Mn,Seed,Bipin Patel Family Office,2300000.0
Grest,Ecommerce,Cuttack,$1.8 Mn,–,Equentis,1800000.0
VyomIC,Advanced Hardware & Technology,Bengaluru,$1.6 Mn,Pre-Seed,Speciale Invest,1600000.0
Akashalabdhi,Advanced Hardware & Technology,Roorkee,$1.2 Mn,Pre-Seed,-,1200000.0
Navo,Ecommerce,Gurugram,$902K,Seed,IndiaQuotient,902000.0
Bharat Intelligence,Agritech,Mumbai,$790K,Pre-Seed,Sahyadri Farms,790000.0
Recove,Clean Tech,Bengaluru,$598K,–,Momentum Capital,598000.0
Paar Autonomy,Advanced Hardware & Technology,Bengaluru,$500K,Seed,Venture Catalysts,500000.0
Samaaro,Enterprise Tech,Bengaluru,$500K,Pre-Series A,Inflection Point Ventures,500000.0
Gaadimech,Consumer Services,Jaipur,$169K,–,AJVC,169000.0
Gabit,Ecommerce,Gurugram,-,-,-,
Gabit,Ecommerce,Gurugram,-,-,-,
Infra.Market,Real Estate Tech,Thane,$83 Mn,Series G,-,83000000.0
EvoluteIQ,Enterprise Tech,Bengaluru,$53 Mn,–,Baird Capital,53000000.0
FinBox,Fintech,Bengaluru,$40 Mn,Series B,WestBridge Capital,40000000.0
Blue Energy Motors,Clean Tech,Pune,$30 Mn,-,"Nikhil Kamath, Omnitex Industries",30000000.0
InCred Money,Fintech,Mumbai,$30 Mn,–,-,30000000.0
EcoSoul,Ecommerce,Noida,$20 Mn,Series B,"Accel, Bajaj Financial Securities",20000000.0
Indkal,Ecommerce,Bengaluru,$20 Mn,–,-,20000000.0
Scalekit,AI,Bengaluru,$5.5 Mn,Seed,"Together Fund, Z47",5500000.0
Lucira,Ecommerce,Mumbai,$5.5 Mn,Seed,Blume Ventures,5500000.0
SpaceFields,Advanced Hardware & Technology,Bengaluru,$5 Mn,Pre-Series A,Globaz Technologies,5000000.0
Pelocal,Fintech,Chennai,$5 Mn,Series A,"UNLEASH Capital Partners, Unicorn India Ventures",5000000.0
iDO Devices,Ecommerce,Noida,$4 Mn,–,"Blume Ventures, Merak Ventures",4000000.0
Pascal AI Labs,AI,Bengaluru,$3.1 Mn,Seed,Kalaari Capital,3100000.0
Equilibrium,Clean Tech,Noida,$3 Mn,Seed,-,3000000.0
INCLUD,Ecommerce,Gurugram,$2.9 Mn,Pre-Series A,3one4 Capital,2900000.0
Blinkit-AI,AI,Gurugram,$1.2 Mn,Seed,Foliflex Cables,1200000.0
Supply6,Ecommerce,Bengaluru,$1.1 Mn,Seed,Zeropearl VC,1100000.0
UGX.ai,AI,Gurugram,$1 Mn,Seed,Blue Ocean Venture Partners,1000000.0
PlaySuper,Media & Entertainment,Gurugram,$1 Mn,Seed,Chimera,1000000.0
Wankel Energy Systems,Clean Tech,Chennai,$1 Mn,Pre-Seed,Shastra VC,1000000.0
MyNaksh,Consumer Services,Bengaluru,$852K,Pre-Seed,Eximius Ventures,852000.0
uKnowva,Enterprise Tech,Mumbai,$500K,Pre-Series A,-,500000.0
Raptee.HV,Clean Tech,Chennai,-,-,Technology Development Board (Ministry of Science & Technology),
Raptee.HV,Clean Tech,Chennai,-,-,Technology Development Board (Ministry of Science & Technology),
Flipspaces,Real Estate Tech,Mumbai,$9 Mn,Series C,—,9000000.0
Indrajaal,Advanced Hardware & Technology,Hyderabad,$5.5 Mn,Pre-Series A,"India Accelerator, Finvolve",5500000.0
Presolv360,Enterprise Services,Mumbai,$4.7 Mn,Series A,"Elevation Capital, MGA Ventures",4700000.0
Indigrid Technology,Enterprise Services,Gurugram,$4 Mn,—,Cactus Partners,4000000.0
Ember,Ecommerce,US,$3.2 Mn,Seed,—,3200000.0
Asaya,Ecommerce,Bengaluru,$3.2 Mn,Pre-Series A,RPSG Capital,3200000.0
Inamo,Enterprise Services,Mumbai,$3 Mn,Seed,Shastra VC,3000000.0
WeHouse,Real Estate Tech,Hyderabad,$2.8 Mn,Series A,—,2800000.0
EndureAir Systems,Advanced Hardware & Technology,Noida,$2.8 Mn,—,Indian Angel Network,2800000.0
Snap-E-Cabs,Travel Tech,Kolkata,$2.5 Mn,—,Inflection Point Ventures,2500000.0
Aurva,Enterprise Tech,New Delhi,$2.2 Mn,Seed,Nexus Venture Partners,2200000.0
BacAlt Biosciences,Health Tech,Bengaluru,$2 Mn,Pre-Seed,Avaana Capital,2000000.0
PeakAmp,Clean Tech,Gurugram,$1.4 Mn,Seed,Caret Capital,1400000.0
FarmDidi,Ecommerce,Mumbai,$793K,Seed,Samved Ventures,793000.0
Prowrrap,Enterprise Services,Delhi,$453K,Pre-Series A,"Calance Software; Amit Govil (chairman, Calance Corporation)",453000.0
Biokraft Foods,Clean Tech,Mumbai,$227K,Seed,GVFL,227000.0
Misfits,Ecommerce,Gurugram,—,Seed,Nu Ventures,
TraqCheck,AI,New Delhi,—,—,"Alok Oberoi (chairman, Everstone Capital); Siddharth Mehta (founder, Bay Capital)",
TraqCheck,AI,New Delhi,—,—,"Alok Oberoi (chairman, Everstone Capital); Siddharth Mehta (founder, Bay Capital)",
CityMall,Ecommerce,Gurugram,$47 Mn,Series D,Accel,47000000.0
Seekho,Media & Entertainment,Bengaluru,$28 Mn,Series B,Bessemer Venture Partners,28000000.0
Blue Tokai Coffee Roasters,Ecommerce,Gurugram,$25 Mn,–,-,25000000.0
FirstClub,Consumer Services,Bengaluru,$23 Mn,Series A,"Accel, RTP Global",23000000.0
Colive,Real Estate Tech,Bengaluru,$20 Mn,Series B,Bain Capital,20000000.0
Offgrid Energy,Clean Tech,Gurugram,$15 Mn,Series A,Archean Chemicals Industries,15000000.0
Reveal Healthtech,AI,US,$7.2 Mn,Series A,Leo Capital,7200000.0
PlatinumRx,Health Tech,Bengaluru,$6 Mn,Series A,Stellaris Venture Partners,6000000.0
LeafyBus,Travel Tech,Delhi,$4.1 Mn,Pre-Series A,Enetra India,4099999.9999999995
Tuco Kids,Ecommerce,Bengaluru,$4 Mn,Series A,RTP Global,4000000.0
FlexifyMe,Health Tech,Pune,$2.3 Mn,Pre-Series A,IvyCap Ventures,2300000.0
AutoDukan,Ecommerce,Pune,$1 Mn,Pre-Series A,-,1000000.0
House of Zelena,Ecommerce,New Delhi,$793K,Seed,"Sprout Venture Partners, M Venture Partners",793000.0
Cuzor,Ecommerce,Bengaluru,$566K,Seed,"Ramesh Kannan (MD, Kaynes Technology)",566000.0
RxMen,Health Tech,New Delhi,$566K,Seed,Inflection Point Ventures,566000.0
QuantE Energy,Clean Tech,Noida,$500K,Seed,Trillion Dollar Venture Partners,500000.0
Dectrocel,Health Tech,Lucknow,$453K,–,BioAngels (IAN Group),453000.0
Zanskar,Ecommerce,Bengaluru,$317K,Seed,Zeropearl VC,317000.0
Waterscience,Ecommerce,Bengaluru,$159K,–,Valar Ventures,159000.0
Edgehax,Advanced Hardware & Technology,Bengaluru,$158K,Seed,Inflection Point Ventures,158000.0
Edgehax,Advanced Hardware & Technology,Bengaluru,$158K,Seed,Inflection Point Ventures,158000.0
TransBnk,Fintech,Mumbai,$25 Mn,Series B,Bessemer Venture Partners,25000000.0
Altum Credo,Fintech,Pune,$19.4 Mn,–,British International Investment,19400000.0
CredRight,Fintech,Bengaluru,$10 Mn,Series B,Abler Nordic,10000000.0
WizCommerce,Enteprise Tech,Bengaluru,$8 Mn,Series A,Peak XV Partners,8000000.0
Vutto,Ecommerce,Bengaluru,$7 Mn,Series A,RTP Global,7000000.0
Palmonas,Ecommerce,Pune,$6.2 Mn,Series A,Vertex Ventures Southeast Asia & India,6200000.0
Enmovil,Logistics,Hyderabad,$6 Mn,Series A,Sorin Investments,6000000.0
Peeko,Consumer Services,Bengaluru,$3.2 Mn,Seed,Stellaris Venture Partners,3200000.0
Matiks,Media & Entertainment,Haveri,$3.1 Mn,Pre-Series A,Tanglin Ventures,3100000.0
Wastelink,Cleantech,New Delhi,$3 Mn,Series A,Avaana Capital,3000000.0
Harajuku Tokyo Cafe,Fooddtech,New Delhi,$2 Mn,Seed,Indian Angel Network,2000000.0
Cumin Co,Ecommerce,Gurugram,$1.5 Mn,–,Fireside Ventures,1500000.0
Anmasa,Ecommerce,Gurugram,$1.1 Mn,Pre-Seed,–,1100000.0
Nugen,Artificial Intelligence,Ahmedabad,$1 Mn,Pre-Seed,Antler,1000000.0
Vaave,Enteprise Tech,Hyderabad,$748K,–,VCMint,748000.0
Hexafun,Ecommerce,Delhi,$510K,Seed,Prajay Advisors,510000.0
Nuyug,Ecommerce,New Delhi,$283K,Pre-Seed,AJVC,283000.0
BhaoBhao,Consumer Services,Mumbai,$200K,–,–,200000.0
BhaoBhao,Consumer Services,Mumbai,$200K,–,–,200000.0
R For Rabbit,Ecommerce,Ahmedabad,$27 Mn,Series B,"Filter Capital, 3one4 Capital",27000000.0
Kiwi,Fintech,Bengaluru,$24 Mn,Series B,Vertex Ventures,24000000.0
Beyond Appliances,Ecommerce,Bengaluru,$4 Mn,Series A,Fireside Ventures,4000000.0
House Of Biryani,Consumer Services,Mumbai,$3.6 Mn,–,-,3600000.0
Mitra,Ecommerce,Gurugram,$1.6 Mn,–,Bestvantage Investments,1600000.0
PeelON,Enterprise Services,Vishakhapatnam,$1 Mn,Seed,growX ventures,1000000.0
Hexafun,Ecommerce,Delhi,$512K,Seed,Prajay Advisors,512000.0
Famyo,Ecommerce,Bengaluru,$457K,Seed,I'n Angel Fund,457000.0
ZenZebra,Consumer Services,Delhi,–,Seed,Rukam Capital,
ZenZebra,Consumer Services,Delhi,–,Seed,Rukam Capital,
Truemeds,Healthtech,Mumbai,$65 Mn,Series C,—,65000000.0
Zepto,Consumer Services,Bengaluru,$45.7 Mn,—,Motilal Oswal Financial Services Ltd,45700000.0
Darwinbox,Enterprise Tech,Hyderabad,$40 Mn,—,Ontario Teachers’ Pension Plan,40000000.0
Ultraviolette,Cleantech,Bengaluru,$21 Mn,—,TDK Ventures,21000000.0
Arintra,Enterprise Tech,US,$21 Mn,Series A,Peak XV Partners,21000000.0
Dashverse,Media & Entertainment,Bengaluru,$13 Mn,Series A,Peak XV Partners,13000000.0
Lifelong Online,Ecommerce,New Delhi,$13 Mn,—,—,13000000.0
Pronto,Consumer Services,Gurugram,$11 Mn,Series A,"General Catalyst, Glade Brook Capital",11000000.0
Elivaas,Travel Tech,Gurugram,$10 Mn,Series B,Vertex Ventures,10000000.0
Graas.ai,Artificial Intelligence (AI),Singapore,$9 Mn,Series B,Tin Men Capital,9000000.0
Refold AI,Artificial Intelligence (AI),Bengaluru,$6.5 Mn,Seed,"Eniac Ventures, Tidal Ventures",6500000.0
Olee Space,Advanced Hardware & IoT,Pune,$3 Mn,Seed,—,3000000.0
Holiday Tribe,Travel Tech,Gurugram,$3 Mn,Pre-Series A,Powerhouse Ventures,3000000.0
Fairdeal.Market,Ecommerce,Gurugram,$3 Mn,Pre-Series A,Incubate Fund Asia,3000000.0
Manastu Space Technologies,Advanced Hardware & IoT,Mumbai,$3 Mn,Series A,Capital-A,3000000.0
Comminent,Advanced Hardware & IoT,Bengaluru,$2 Mn,—,Transition VC,2000000.0
Spike AI,Artificial Intelligence (AI),Bengaluru,$1.9 Mn,Pre-Seed,Sorin Investments,1900000.0
Trackk,Fintech,New Delhi,$1 Mn,Seed,—,1000000.0
Trackk,Fintech,New Delhi,$1 Mn,Seed,—,1000000.0
The Sleep Company,Ecommerce,Mumbai,$54.6 Mn,Series D,—,54600000.0
RENEE Cosmetics,Ecommerce,Ahmedabad,$30 Mn,Series C,Playbook Partners,30000000.0
Fibe,Fintech,Pune,$25 Mn,Debt,Franklin Templeton Alternative Investments Fund,25000000.0
SuperGaming,Media & Entertainment,Pune,$15 Mn,Series A,"Skycatcher, Steadview Capital",15000000.0
Jeh Aerospace,Advanced Hardware & Technology,Hyderabad,$11 Mn,Series A,Elevation Capital,11000000.0
Zype,Fintech,Mumbai,$10.3 Mn,—,Unleash Capital Partners,10300000.0
DPDPZero,Fintech,Bangalore,$7 Mn,Series A,GMO Venture Partners,7000000.0
TurboHire,Artificial intelligence (AI),Hyderabad,$6 Mn,Series A,IvyCap Ventures,6000000.0
Mitigata,Fintech,Delhi,$5.9 Mn,Series A,Nexus Venture Partners,5900000.0
TPlusA India,Ecommerce,Bangalore,$5.8 Mn,Seed,Livspace,5800000.0
Cautio,Advanced Hardware & Technology,Bangalore,$3 Mn,Seed,—,3000000.0
OUTZIDR,Ecommerce,Bangalore,$3 Mn,Pre-Series A,RTP Global,3000000.0
HYLENR,Clean Tech,Hyderabad,$3 Mn,Pre-Series A,"Valour Capital, Chhattisgarh Investments",3000000.0
Zepto,Consumer Services,Bangalore,$2.9 Mn,—,MapmyIndia,2900000.0
CodeKarma,Artificial intelligence (AI),Bangalore,$2.5 Mn,Pre-Seed,"Prosus, Accel, Xeed Ventures",2500000.0
Xovian Aerospace,Advanced Hardware & Technology,Bangalore,$2.5 Mn,Pre-Seed,"Piper Serica, Turbostart",2500000.0
Nuuk,Ecommerce,Gurugram,$2 Mn,Series A,—,2000000.0
DesignX,Enterprise Tech,Noida,$2 Mn,—,—,2000000.0
EON Space Labs,Advanced Hardware & Technology,Hyderabad,$1.2 Mn,Pre-Series A,MGF Kavachh,1200000.0
MangoPoint,Ecommerce,Chennai,$1 Mn,Pre-Series A,Inflection Point Ventures,1000000.0
Fraganote,Ecommerce,New Delhi,$1 Mn,Pre-Series A,Rukam Capital,1000000.0
Shotgun Games,Media & Entertainment,Mumbai,$1 Mn,Seed,—,1000000.0
Gladful,Ecommerce,Jaipur,$913K,—,Eternal Capital,913000.0
Terafac,Advanced Hardware & Technology,Chandigarh,$800K,Pre-Seed,Inuka Capital,800000.0
Prozo,Logistics,Gurugram,—,—,Ranbir Kapoor,
Prozo,Logistics,Gurugram,—,—,Ranbir Kapoor,
Safe Security,Enterprise Tech,New Delhi,$70 Mn,Series C,Avataar Venture Partners,70000000.0
Metaforms,AI,Bengaluru,$9 Mn,Series A,Peak XV Partners,9000000.0
STAN,Media & Entertainment,Chennai,$8.5 Mn,Series A,-,8500000.0
Arivihan,Edtech,Indore,$4.2 Mn,Pre-Series A,"Prosus, Accel",4200000.0
Sharpsell.ai,Enterprise Tech,Mumbai,$3.4 Mn,Series A,Equentis Angel Fund,3400000.0
Drizz,AI,Bengaluru,$2.7 Mn,Seed,Stellaris Venture Partners,2700000.0
Littlebox,Ecommerce,Noida,$2.1 Mn,Seed,"Huddle Ventures, Prath Ventures",2100000.0
Snooplay,Ecommerce,New Delhi,$916K,Pre-Series A,Pravek Family Office,916000.0
Zepto,Consumer Services,Bengaluru,$857K,–,Elcid Investments,857000.0
Heizen,Enterprise Services,New Delhi,$500K,Pre-Seed,Titan Capital,500000.0
Passport Trips,Travel Tech,Mumbai,$500K,Pre-Seed,Aroa Venture Partners,500000.0
ILine,Logistics,Noida,$500K,–,-,500000.0
Genexis Biotech,Health Tech,Vadodara,$457K,Seed,GVFL,457000.0
Vahan.ai,AI,Bengaluru,–,–,Temasek,
Vahan.ai,AI,Bengaluru,–,–,Temasek,
Gupshup,Enterprise Tech,Mumbai,$60 Mn,–,-,60000000.0
Netrasemi,Advanced Hardware & Technology,Thiruvananthapuram,$12.4 Mn,Series A,Zoho Corporation,12400000.0
SuperK,Consumer Services,Bengaluru,$11.5 Mn,Series B,3STATE Ventures,11500000.0
Kluisz.ai,Artificial Intelligence (AI),Bengaluru,$9.6 Mn,Seed,RTP Global,9600000.0
EduFund,Fintech,Ahmedabad,$6 Mn,Series A,Cercano Management,6000000.0
EVeez,Travel Tech,Gurugram,$5.4 Mn,Series A,Michael & Susan Dell Foundation,5400000.0
Enlite Research,Enterprise Tech,Mumbai,$5.3 Mn,Series A,Avaana Capital,5300000.0
iTuring.AI,Artificial Intelligence (AI),Bengaluru,$5 Mn,Series A,"Dallas Venture Capital, Mela Ventures",5000000.0
Sugar Cosmetics,Ecommerce,Mumbai,$5 Mn,–,Anicut Capital,5000000.0
Escape Plan,Ecommerce,Bengaluru,$5 Mn,Seed,"Jungle Ventures, Fireside Ventures",5000000.0
Hudle,Enterprise Tech,Delhi,$2.5 Mn,Series A,Sky Impact Capital,2500000.0
Grexa AI,Artificial Intelligence (AI),Thane,$1.8 Mn,Seed,Utsav Somani,1800000.0
ANNY,Ecommerce,Gurugram,$1.2 Mn,Pre-Series A,Atomic Capital,1200000.0
Ammunic Systems,Advanced Hardware & Technology,Bengaluru,$1.1 Mn,Seed,"India Accelerator, Finvolve",1100000.0
Inbound Aerospace,Advanced Hardware & Technology,Chennai,$1 Mn,Pre-Seed,Speciale Invest,1000000.0
Plenome Technologies,Enterprise Tech,Chennai,$752K,Seed,Ovington Capital Partners,752000.0
Bharatsure,Fintech,Mumbai,$694K,–,Inflection Point Ventures,694000.0
ApClub,Consumer Services,Bengaluru,$231K,Pre-Seed,Curefit,231000.0
Coluxe,Ecommerce,New Delhi,–,–,-,
Magma,Enterprise Services,Ahmedabad,–,–,GVFL Limited,
Roast Foods,Ecommerce,Pune,–,–,Pagariya Exports Pvt Ltd,
KlugKlug,Enterprise Services,New Delhi,–,–,-,
KlugKlug,Enterprise Services,New Delhi,–,–,-,
QpiAI,Advanced Hardware & Technology,Bengaluru,$32 Mn,Series A,"Avataar Ventures, National Quantum Mission",32000000.0
Truemeds,Healthtech,Mumbai,$20 Mn,Series C,Peak XV Partners,20000000.0
Phi Commerce,Fintech,Pune,$5.9 Mn,Series B,BEENEXT,5900000.0
KNOT,Consumer Services,Bengaluru,$3 Mn,Pre-Series A,Kae Capital,3000000.0
Trupeer.AI,Artificial intelligence (AI),Bengaluru,$3 Mn,Seed,RTP Global,3000000.0
Omspace Rocket & Exploration,Advanced Hardware & Technology,Ahmedabad,$3 Mn,Pre-Seed,-,3000000.0
Vaaree,Ecommerce,Bengaluru,$2.1 Mn,Pre-Series A,"PeerCapital, Peak XV Surge",2100000.0
CureFit,Health Tech,Bengaluru,$2 Mn,–,First Luxembourg SCA,2000000.0
DCG Tech,Ecommerce,Gurugram,$1.7 Mn,Pre-Series A,GVFL,1700000.0
Zuppa,Advanced Hardware & Technology,Chennai,$1.5 Mn,–,Rahul Dewan,1500000.0
Deep Algorithm,Enterprise Tech,Hyderabad,$1.3 Mn,–,Unicorn India Ventures,1300000.0
Dial4242,Health Tech,Gurugram,$1.1 Mn,Pre-Series A,IAN Group,1100000.0
The Wedding Company,Consumer Services,Bengaluru,$1 Mn,Pre-Seed,LVX,1000000.0
Navana.ai,Artificial intelligence (AI),Mumbai,$812K,Pre-Series A,Antler India,812000.0
Unibose,Advanced Hardware & Technology,Chennai,$639K,Pre-Series A,O2 Angels,639000.0
Zulu Club,Consumer Services,Gurugram,$250K,Pre-Seed,TDV Partners,250000.0
Parkobot,Advanced Hardware & Technology,Kolkata,$243K,Seed,Inflection Point Ventures,243000.0
Enercomp,Advanced Hardware & Technology,Ahmedabad,$232K,–,-,232000.0
CosMoss,Ecommerce,Gurugram,–,Seed,Malika Sadani,
Onetab.ai,Artificial intelligence (AI),Bengaluru,–,–,"Hyperscope, Elrise",
Fire AI,Artificial intelligence (AI),Mumbai,–,Pre-Seed,Venture Catalysts,
Fire AI,Artificial intelligence (AI),Mumbai,–,Pre-Seed,Venture Catalysts,
Infinity Fincorp,Fintech,Mumbai,$70 Mn,-,Partners Group,70000000.0
Varthana,Fintech,Bengaluru,$18.6 Mn,Debt,-,18600000.0
Khetika,Ecommerce,Bengaluru,$18 Mn,Series B,"Narotam Sekhsaria Family Office, Anicut Capital",18000000.0
InPrime Finserv,Fintech,Bengaluru,$6 Mn,Series A,Pravega Ventures,6000000.0
Chai Bisket,Media & Entertainment,Hyderabad,$5 Mn,Seed,"InfoEdge Ventures, General Catalyst",5000000.0
Belong,Fintech,Bengaluru,$5 Mn,Seed,Elevation Capital,5000000.0
Clean Fanatics,Consumer Services,Bengaluru,$2 Mn,Seed,Inflection Point Ventures,2000000.0
Cookd,Ecommerce,Chennai,$2 Mn,Pre-Series A,Spring Marketing Capital,2000000.0
Gramik,Agritech,Lucknow,$2 Mn,-,-,2000000.0
Green Aero,Advanced Hardware & Technology,New Delhi,$1.6 Mn,Seed,pi Ventures,1600000.0
AMAMA,Ecommerce,New Delhi,$1 Mn,-,Mistry Ventures,1000000.0
WiseLife,Ecommerce,Gurugram,$932K,Seed,Rukam Capital,932000.0
Linkrunner,AI,Bengaluru,$560K,-,Titan Capital,560000.0
Divine Hindu,Ecommerce,Gurugram,$181K,Seed,-,181000.0
Jeh Aerospace,Advanced Hardware & Technology,Hyderabad,-,-,Indigo Ventures,
LdotR,Enterprise Services,New Delhi,-,-,"Basil Moftah, Mark Garlinghouse",
Qoruz,Media & Entertainment,Bengaluru,-,Pre-Series A,Chennai Angels,
Qoruz,Media & Entertainment,Bengaluru,-,Pre-Series A,Chennai Angels,
Jumbotail,Ecommerce,Bengaluru,$120 Mn,Series D,"SC Ventures, Artal Asia",120000000.0
Infra.Market,Real Estate Tech,Thane,$50 Mn,Debt,Mars Growth Capital,50000000.0
InCred Finance,Fintech,Mumbai,$46.8 Mn,Debt,"Morgan Stanley, Nippon Life India",46800000.0
Eggoz,Ecommerce,Gurugram,$20 Mn,Series C,"Gaja Capital, IvyCap Ventures, Rebright Partners, Avaana Capital, NABVENTURES, Merisis Opportunities Fund, Arvind Thakur, S Ramadorai, Artek Chemicals, Blue Dot Capital",20000000.0
AppsForBharat,Consumer Services,Bengaluru,$20 Mn,Series C,"Susquehanna Asia VC, Fundamentum, Elevation Capital, Peak XV Partners",20000000.0
Aukera,Ecommerce,Bengaluru,$15 Mn,Series B,"Peak XV Partners, Fireside Ventures, Sparrow Capital, Prath Ventures, Alteria Capital",15000000.0
Bambrew,Enterprise Services,Bengaluru,$10.5 Mn,Series B,"Ashok Goel, Enrission India Capital",10500000.0
Eeki,Agritech,Kota,$7 Mn,Series A,Sixth Sense Ventures,7000000.0
Zango AI,Artificial Intelligence (AI),Indore,$4.8 Mn,Seed,"Nexus Venture Partners, South Park Commons, Notion Capital, No Label Ventures, Start Ventures",4800000.0
Maieutic Semiconductor,Advanced Hardware & Technology,Bengaluru,$4.2 Mn,Seed,"Endiya Partners, Exfinity Venture Partners",4200000.0
Luma Fertility,Health Tech,Mumbai,$4 Mn,Seed,"Peak XV, Ameera Shah, Vijay Taparia",4000000.0
GobbleCube,Artificial Intelligence (AI),Gurugram,$3.5 Mn,Pre-Series A,"InfoEdge Ventures, Kae Capital",3500000.0
Loopworm,Health Tech,Bengaluru,$3.3 Mn,Pre-Series A,"WaterBridge Ventures, Enrission India Capital",3300000.0
CIMware,Advanced Hardware & Technology,Bengaluru,$2.3 Mn,Pre-Series A,Transition VC,2300000.0
Sthyr Energy,Cleantech,Chennai,$1 Mn,Seed,"Speciale Invest, Antares Ventures",1000000.0
Astrophel Aerospace,Advanced Hardware & Technology,Pune,$800K,Pre-Seed,-,800000.0
Lamark Biotech,Health Tech,Bengaluru,$767K,Pre-Series A,"IAN Alpha Fund, Vinayender Tulla, Nita Roy, Venkataraman KNK",767000.0
FitFeast,Ecommerce,New Delhi,$644K,Seed,"Inflection Point Ventures, Raghav Singhal, Santosh Govindaraju, Abhishek Chopra, Aabhas Khanna",644000.0
Garaaz,Enteprise Tech,Jaipur,$531K,Seed,GVFL,531000.0
FES Cafe,Foodtech,Gurugram,$351K,Seed,Wolfpack Labs,351000.0
AjnaLens,Advanced Hardware & Technology,Thane,-,-,Lenskart,
AjnaLens,Advanced Hardware & Technology,Thane,-,-,Lenskart,
Raphe mPhibr,Advanced Hardware & Technology,Noida,$100 Mn,-,"General Catalyst, Think Investments, Amal Parikh",100000000.0
GIVA,Ecommerce,Bengaluru,$62 Mn,-,"Creaegis, Premji Invest, Epiq Capital, Edelweiss Discovery Fund",62000000.0
EKA Mobility,Cleantech,Pune,$23 Mn,-,Enam Holdings,23000000.0
ShopOS,Artificial Intelligence (AI),Ahmedabad,$20 Mn,Seed Round,3STATE Ventures,20000000.0
GoKwik,Fintech,New Delhi,$13 Mn,-,"RTP Global, Z47, Peak XV Partners, Think Investments",13000000.0
Sahi,Fintech,Mumbai,$10.5 Mn,Series A,"Accel, Elevation Capital",10500000.0
Fabheads,Advanced Hardware & Technology,Chennai,$10 Mn,Series A,"Accel, Trifecta Capital",10000000.0
Kazam,Cleantech,Bengaluru,$6.2 Mn,Series B,"International Finance Corporation, Vertex Ventures SEA & India, Avaana Capital",6200000.0
Flipspaces,Real Estate Tech,Mumbai,$5.9 Mn,-,Asiana Fund,5900000.0
StayVista,Travel Tech,Mumbai,$5 Mn,Series B,"JSW Ventures, DSG Consumer Partners, Capri Global Family Office",5000000.0
Rabitat,Ecommerce,New Delhi,$4.6 Mn,Series A,"RPSG Capital, DSG Consumer Partners, Capital A, Accurize Syndicate, Flair Writing Family Office, Eagle Venture Fund, AG Ventures, Vedang Patel, Harsh Lal, Rohin Samtaney, Ramakant Sharma, Sourabh Jain, Ankit Nagori",4600000.0
ZILO,Consumer Services,Mumbai,$4.5 Mn,Seed Round,"Info Edge Ventures, Chiratae Ventures",4500000.0
Evera Cabs,Travel Tech,New Delhi,$4 Mn,Debt Round,Mufin Green Finance,4000000.0
Coratia Technologies,Advanced Hardware & Technology,Rourkela,$2 Mn,Pre-Series A,MGF-Kavachh,2000000.0
Fantail,Enterprise Services,Surat,$1.6 Mn,Seed Round,"Riverwalk Holdings, Incubate Fund Asia, All in Capital",1600000.0
Armory,Advanced Hardware & Technology,Gurugram,$1.5 Mn,-,"growX Ventures, Industrial 47, Antler, AC Ventures, Dexter Ventures",1500000.0
Jobizo,Enterprise Tech,Gurugram,$1.4 Mn,Pre-Series A,"Inflection Point Ventures, Alkemi Ventures",1400000.0
Skippi,Ecommerce,Hyderabad,$1.4 Mn,Pre-Series A,-,1400000.0
AuraML,Artificial Intelligence (AI),Bengaluru,$1 Mn,Pre-Seed,"Turbostart, DeVC, GSF Accelerator, Indian Angel Network",1000000.0
Innovodigm,Health Tech,Kolkata,$643K,Seed,IAN Group,643000.0
Truliv,Real Estate Tech,Chennai,-,-,"Bennett, Coleman & Co",
Truliv,Real Estate Tech,Chennai,-,-,"Bennett, Coleman & Co",
WIOM,Consumer Services/ Enterprise Services,New Delhi,$35 Mn,-,"Bertelsmann India Investments, Accel, Prosus, Promaft Partners, RTP global",35000000.0
POP,Fintech,Bengaluru,$30 Mn,-,Razorpay,30000000.0
Oben Electric,Cleantech,Bengaluru,$11.5 Mn,Series A,"Helios Holdings, Sharda family office, Kay family",11500000.0
Techfino,Fintech,Bengaluru,$7.5 Mn,-,"Stellaris Venture Partners, Saison Capital",7500000.0
Saswat Finance,Fintech,Mumbai,$2.6 Mn,Pre-Series A,"Ankur Capital, Incubate Fund Asia",2600000.0
illumine,Enterprise Tech,Chennai,$2.5 Mn,Seed,Prime Venture Partners,2500000.0
Darwix AI,Artificial Intelligence,Gurugram,$1.5 Mn,-,"Rebalance, IPV, JITO Incubation and Innovation Foundation, Growth Sense, Growth91, Ankit Nagori, Sanjay Suri, Amit Lakhotia, Mekin Maheshwari",1500000.0
7 Ring,Ecommerce,Mumbai,$462K,Pre-Series A,"Venture Catalysts, Anchorage Capital Partners, Sheth family office",462000.0
Nuvie,Ecommerce,Bengaluru,$450K,Pre-Seed,PedalStart,450000.0
Xportel,Logistics,Delhi,-,Seed,"Rukam Sitara, Flipkart Ventures",
Xportel,Logistics,Delhi,-,Seed,"Rukam Sitara, Flipkart Ventures",
Decentro,Fintech,Bengaluru,Rs 30 Crore,Series B,InfoEdge Ventures,360000000.0
Sanlayan Technologies,Defence Electronics,Bengaluru,Rs 186 crore,Series A,"Gemba Capital, Singularity Ventures, and Shastra VC",2232000000.0
Roomstory.ai,AI,Gurugram,Rs 3 crore,Pre-seed,Rukam Sitara Fund,36000000.0
Vecmocon Technologies,Deep-tech,New Delhi,$18 Mn,Series A,EIF,18000000.0
CRED,Fintech,Bengaluru,Rs 617 crore,Down Round,GIC’s Lathe Investment,7404000000.0
Flick TV,OTT platform,Noida,$2.3 Mn,Seed round,Stellaris Venture Partners,2300000.0
Kazam,Electric mobility,Bengaluru,$6 Mn,Series B,Vertex Ventures,6000000.0
Wow! Momo,QSR,Kolkata,Rs 85 Cr,Debt Round,Stride Ventures,1020000000.0
PowerUp Money,Wealthtech,Bengaluru,$7.1M,Seed round,Accel,7100000.0
FlexiLoans,NBFC,Mumbai,Rs 375 Cr,Series C,BII,4500000000.0
Garuda Aerospace,Drone startup,Chennai,$1 million,Funding round,Narotam Sekhsaria Family Office,1000000.0
Piston,Digital payment,Chennai,$6.1M,Seed round,"Spark Capital, Pear VC and BOND",6100000.0
Leumas,Deeptech,Bengaluru,$2.2 Mn,Seed round,Capital 2B,2200000.0
Machaxi,Sportstech,Bengaluru,$1.5 Mn,Funding Round,"Rainmatter, Prakash Padukone",1500000.0
Knest,Construction-tech,Pune,Rs 300 crore,Funding Round,Lighthouse,3600000000.0
MetaShot,Gaming,Bengaluru,Rs 2 crore,Covertible Debt,Karnataka Govt’s Venture Fund,24000000.0
Repello AI,AI security,Bengaluru,$1.2 million,Seed Funding,Venture Highway,1200000.0
GIVA,D2C Jewellery,Bengaluru,Rs 450 Cr,Series C,Creaegis,5400000000.0
Kisah,Men’s ethnicwear,Kolkata,Rs 13 crore,Funding Round,Wow Momo,156000000.0
Iom Bioworks,Deep science,Bengaluru,Rs 4 Cr,Seed Funding,Inflection Point Ventures,48000000.0
PlutoPe,Decentralized finance (DeFi),Gurugram,Rs 5 Cr,Pre-seed Round,Manit Gupta,60000000.0
Spinny,Used car platform,Gurugram,$30 million,Series F,WestBridge Capital,30000000.0
Spinny,Used car platform,Gurugram,$30 million,Series F,WestBridge Capital,30000000.0
Qubeats,Quantum Computing,Telangana,$2.91M,Grant (Prize Money),Corporate: iDEX,2910000.0
Nxt Meal,Food Tech,Karnataka,$750K,Seed,-,750000.0
The Tarzan Way,Online Travel,Delhi,$233K,Seed,Inflection Point Ventures,233000.0
LoanTap,Alternative Lending,Maharashtra,$6.29M,Series B,July Ventures,6290000.0
LoanTap,Alternative Lending,Maharashtra,$2.33M,Venture Debt,-,2330000.0
Plush,Personal Care Products,Tamil Nadu,$4.66M,Series B,Blume Ventures,4660000.0
Naagin Sauce,Food & Beverage,Maharashtra,$2.1M,Seed,8i Ventures,2100000.0
Khari Foods,Online Grocery,Delhi,$350K,Seed,Meri Punji,350000.0
Stride Green,Green SME Loans,Haryana,$3.5M,Seed,"Micelio Tech Fund, Incubate Fund India",3500000.0
Handpickd,Online Grocery,Delhi,$2.53M,Seed,"Genesia Ventures, Beenext",2530000.0
Gully Labs,Fashion Tech,Uttar Pradesh,$129K,Venture Debt,Stride Ventures,129000.0
Manipal Group,"Education, Healthcare",Karnataka,$600M,Conventional Debt,KKR,600000000.0
GyanDhan,Higher Education Tech,Delhi,$5.85M,Series A,"Pravega Ventures, Gray Matters Capital",5850000.0
Shapoorji Pallonji,Real Estate,Maharashtra,$75M,Conventional Debt,"Synergy, Cerberus Capital Management",75000000.0
Udaan,B2B E-Commerce,Karnataka,$114M,Series G,"M&G, Samena Capital",114000000.0
Pepperfry,Home Improvements,Maharashtra,$5.06M,Series F,Norwest Venture Partners,5060000.0
Spense,Investment Tech,Karnataka,$1.85M,Seed,GrowthCap Ventures,1850000.0
Samunnati,Agri-financing,Tamil Nadu,$5.84M,Conventional Debt,Elevar Equity,5840000.0
Samunnati,Agri-financing,Tamil Nadu,₹50 Cr (~$6M),Strategic Investment,-,600000000.0
Farmako,HealthTech,Uttarakhand,Undisclosed,Seed,"Genesia Ventures, Y Combinator",
Snitch,D2C Menswear Brand,-,$40M,Growth,"360 One Asset, IvyCap, SWC Global, Ravi Modi Office",40000000.0
Stable Money,FinTech,-,$20M,Series A,"Fundamentum, Aditya Birla Ventures, Lightspeed",20000000.0
Decentro,API Banking / Fintech,-,₹30 Cr (~$3.6M),Series B,"InfoEdge Ventures, Y Combinator",360000000.0
Biopeak,Wellness & Longevity,-,$3M,Seed,"Claypond Capital, Rainmatter",3000000.0
Kosmc AI,Social-Commerce Infrastructure,-,Undisclosed,Pre-Seed,-,
Atlanture Sports,Sports & Media,-,₹21 Cr (~$2.5M),Strategic Investment,Rannvijay Singha,252000000.0
True Diamond,Lab-Grown Diamond Jewellery,-,₹26 Cr (~$3.1M),Pre-Series A,-,312000000.0
Upurfit,Sports Wellness,-,Undisclosed,Strategic Investment,Jonty Rhodes (Angel Investor),
Upurfit,Sports Wellness,-,Undisclosed,Strategic Investment,Jonty Rhodes (Angel Investor),
Stable Money,Wealthtech,Bengaluru,$20 million,Series B,The Fundamentum Partnership Fund,20000000.0
Mufin Green,EV Financier,New Delhi,$18 million,Debt Funding,US-based institution,18000000.0
Slikk,Fashion Delivery,Bengaluru,$10 million,Series A,Nexus Venture Partners,10000000.0
Citykart,Value fashion retailer,Gurugram,Rs 538 crore,Series B,"TPG NewQuest, A91",6456000000.0
EUME,Premium Travel Luggage Brand,Mumbai,Rs 25 crore,Series A,Ashish Kacholia,300000000.0
Fleetx.io,SaaS,Gurugram,Rs 113 Crore,Series C,Indiamart Intermesh and BEENEXT’s Accelerate Fund,1356000000.0
Frinks AI,Manufacturing AI,Bengaluru,$5.4 million,Pre-Series A,Prime Ventures Partners,5400000.0
Contineu,Deeptech,US,$1.2 million,Seed Funding,SenseAI Ventures,1200000.0
Orbitt Space,Spacetech,Ahmedabad,$1 million,Pre-seed funding,"Pi Ventures, IIMA Ventures",1000000.0
Myntra,Fashion ecommerce,Bengaluru,$124 million,-,FK Myntra Holdings,124000000.0
GROWiT,Agritech,Surat,$3 million,Series A,GVFL,3000000.0
Saarathi Finance,NBFC,Mumbai,Rs 475 Crore,Funding round,Equity Capital,5700000000.0
ILIOS 72 Alternative Capital,Wealth Management,Gurugram,Rs 1 crore,Seed Funding,Group of family offices,12000000.0
Snabbit,Quick service app,Mumbai,$19 million,Series B,Lightspeed,19000000.0
Simply Nam,Beauty brand,Mumbai,-,-,Bhaane Group,
Cleevo,Home hygiene,Nashik,$1 million,Seed Round,Eternal Capital,1000000.0
Ziniosa,Luxury Fashion Brand,Bengaluru,Undisclosed,-,Inflection Point Ventures (IPV),
KhiladiPro,Sporttech,Bengaluru,$1 million,Pre-seed,Shastra VC and,1000000.0
Snitch,Fashion,Bengaluru,Rs 280 crore,Series B,360 Asset Management Fund,3360000000.0
Unbound,Enterprise AI security and governance,Pune,$4 million,Seed Funding,Race Capital,4000000.0
Battery Smart,Battery swapping,New Delhi,$29 million,Series B,Rising Tide Energy,29000000.0
Battery Smart,Battery swapping,New Delhi,$29 million,Series B,Rising Tide Energy,29000000.0
Euler Motors,EV,New Delhi,Rs 638 crore,Series D,Hero MotoCorp,7656000000.0
Cloudsek,Cybersecurity,Bengaluru,$19 million,Fresh Funding,Tenacity Ventures and Commvault,19000000.0
CureBay,Healthtech,Bhubaneshwar,$21 Mn,Series B,Series B,21000000.0
Miraggio,Fashion,Gurugram,$6.5 million,Institutional Round,RPSG Capital Ventures,6500000.0
Tan90,Deep-tech,Chennai,Rs 20 Cr,Series A,NABVENTURES,240000000.0
Misfits,Community Platform,Gurugram,Rs 5 Crore,Seed Round,Info Edge Ventures and Better Capital,60000000.0
Mythik,Media Technology,Mumbai,$15 million,Seed Round,Sakal Media Group,15000000.0
Biostate AI,Biotech,US,$12 million,Series A,Accel,12000000.0
Data Sutram,Fintech,Mumbai,$9 Mn,Series A,"B Capital, Lightspeed",9000000.0
Zoca,Agentic AI,Gurugram,$6 million,Funding Round,Accel,6000000.0
Promethean Energy,Cleantech,Mumbai,$2 Mn,Pre-Series A,Transition VC,2000000.0
Shuru,Social media,Gurugram,Undisclosed,Series A,Krafton India,
ALT CARBON,Deeptech,Kolkata,$12 Mn,Seed Round,Lachy Groom,12000000.0
BlackCarrot,D2C dinnerware,Mumbai,Undisclosed,Pre-seed funding,Venture Catalysts,
OpenFX,FX infrastructure,US,$23Mn,Seed Round,Accel,23000000.0
KSKT,Agri-commerce,Gurugram,$1.3 Mn,Equity and Debt Round,Keiretsu Forum and Favcy’s 1stCheque Angel Network,1300000.0
KSKT,Agri-commerce,Gurugram,$1.3 Mn,Equity and Debt Round,Keiretsu Forum and Favcy’s 1stCheque Angel Network,1300000.0
Farmley,Snacking,Noida,$40 million,Series C,L Catterton,40000000.0
Avammune Therapeutics,Healthtech,Bengaluru,$12 million,Series A,Capital 2B,12000000.0
Celebal Tech,IT services provider,Jaipur,$15 million,Series B,"InCred Growth Partners Fund-I and Norwest Capital, LLC",15000000.0
Citrus Freight,Shipping,Bengaluru,Rs 2.5 Cr,Bridge Round,"Caret Capital, Indigram Labs Foundation",30000000.0
M1xchange,Supply Chain Financing,Gurugram,$10Mn,secondary deal,Filter Capital,10000000.0
Hyperbots,AI,Mumbai,$6.5Mn,Seed Funding,Arkam Ventures and Athera Venture Partners,6500000.0
Biryani Blues,QSR,Gurugram,$5 Mn,Pre-series C,Yugadi Capital,5000000.0
Be Clinical,Skincare,Mumbai,Rs 2 Cr,Seed Round,Titan Capital,24000000.0
JSW One,B2B e-commerce,Mumbai,Rs 340 Cr,-,"Principal Asset Management, OneUp, JSW Steel",4080000000.0
TIEA Connectors,B2B ESDM (Electronic System Design and Manufacturing),Bengaluru,Rs 22 Cr,Funding Round,Jamwant Ventures And Valour Capital,264000000.0
Flam,Mixed Reality Content,Bengaluru,$14Mn,Series A,RTP Global,14000000.0
Adopt AI,Agentic AI,Bengaluru,$6 Mn,Seed Round,Elevation Capital,6000000.0
ReelSaga,Mobile-first entertainment,Mumbai,$2.1 Mn,$2.1 Mn,Picus Capital,2100000.0
BlueStone,Omnichannel jewellery,Bengaluru,Rs 40 Cr,Debt Funding,BlackSoil and Caspian Impact Investments,480000000.0
VFlowTech,Vanadium redox flow battery,Kolkata,$20.5 Mn,Funding Round,Granite Asia,20500000.0
ContraVault AI,Tender and RFP management,Delhi,Rs 5.1 Cr,Seed Funding,Titan Capital,61199999.99999999
Third Bracket,Hiring Platform,Bengaluru,Rs 5 Cr,Seed Round,HNIs,60000000.0
LUZO,"Marketplace for salons, spas, and wellness clinics",Mumbai,$550K,Seed Funding,Enrission India Capital,550000.0
Complement1,Healthtech,US,$16 million,Seed Funding,Owl Ventures and Blume Ventures,16000000.0
Hocco,Ice Cream Brand,Ahmedabad,$10 Mn,Series B,Chona family office and Sauce.vc,10000000.0
NapTapGo,Pod Hotel,Noida,Rs 2 Cr,Pre-Seed Round,IPV,24000000.0
MedVital,MedTech,New Delhi,Rs 8.4 crore,Pre-seed funding,4point0 Health Ventures,100800000.0
1-India Family Mart,Value retail chain,Delhi,$12 Mn,Series D,Gulf Islamic Investments,12000000.0
Zenergize,EV,Gurugram,$2 Mn,Seed Funding,"Mohit Tandon, Himanshu Aggarwal",2000000.0
Nobel Hygiene,Disposable hygiene,Mumbai,$20 Mn,Funding Round,Neo Asset Management,20000000.0
Fyn Mobility,EVaaS,Chennai,$2.5Mn,Funding Round,"Vijay Kedia, Lloyd Balajadia, Rahul Bothra",2500000.0
Fyn Mobility,EVaaS,Chennai,$2.5Mn,Funding Round,"Vijay Kedia, Lloyd Balajadia, Rahul Bothra",2500000.0
Volt14,Battery Tech,Bengaluru,$1.87 Mn,Pre-Series A,Blume Ventures,1870000.0
Store My Goods,Storage Solutions,Noida,Rs 4 Cr,Growth Funding Round,JITO Incubation and Innovation Foundation (JIIF) and family offices,48000000.0
Alt DRX,Digital Real Estate,Bengaluru,Rs 23 Cr,Funding Round,Qatar Development Bank,276000000.0
Lifechart,Gut Wellness,Gurugram,$360K,Seed Funding,"Prajay Advisors, Prakash Mody, and Jayendra Shah",360000.0
Celcius Logistics,Cold chain aggregator,Mumbai,Rs 250 Cr,Series B,"Eurazeo, Omnivore",3000000000.0
91trucks,Commercial vehicle marketplace,Delhi,Rs 43 Cr,Funding Round,Arkam Ventures,516000000.0
Troovy,Kids-focused nutrition food brand,Gurugram,Rs 20 Cr,Pre-Series A,Fireside Ventures,240000000.0
Nawgati,Fuel aggregator,Noida,$2.5 Mn,Pre-Series A,Ajay Upadhyaya,2500000.0
KorinMi,Korean skin clinic,Gurugram,Rs 3 Cr,Pre-Seed,Vikas Agarwal,36000000.0
The Good Bug,Gut health-focused,Mumbai,Rs 100 Cr,Series B,Susquehanna Asia,1200000000.0
InspeCity,Spacetech,Mumbai,$5.6Mn,Seed Funding,Lucky Investment Managers,5600000.0
Insurance Samadhan,Insurance,Noida,Rs 8.5 Cr,Strategic Funding Round,Innovito Ventures,102000000.0
Flipspaces,Interior design and contracting,Mumbai,$35Mn,Series C,Iron Pillar,35000000.0
Routematic,Transport-as-a-service,Bengaluru,$40 Mn,Series C,Fullerton Carbon Action Fund and Shift4Good,40000000.0
Shiplog,Logistics-Tech,Gurugram,Rs 6.5 Cr,Seed Round,Deepak Bhagnani Family Office,78000000.0
BlissClub,Women-focused direct-to-consumer,Bengaluru,Rs 33 Cr,Pre-Series B,Elevation Capital,396000000.0
Posha,Kitchen Robotics,Posha,$8Mn,Series A,Accel,8000000.0
PB Healthcare,Healthtech,Gurugram,$218 Mn,Equity funding round,"General Catalyst, PB Fintech",218000000.0
Vaya,AI,New Delhi,$1.5 Mn,Funding Round,"Accel, Arkam Ventures",1500000.0
High Time Foods,Food-tech,Bengaluru,$1.2 Mn,Funding Round,Avaana Capital,1200000.0
Zebu,Defense Tech,Hyderabad,$1 Mn,Pre-Series A,Bluehill VC,1000000.0
Feline Spirits,Craft alcoholic beverage,New Delhi,Rs 5.2 Cr,Pre-Series A,IPV,62400000.0
GoTrust,Privacy compliance,Noida,$400K,Pre-Seed,Aevitas Capital,400000.0
Footprints Preschool & Daycare,Early childhood education and daycare,Noida,$7.5Mn,Series A,Tanglin,7500000.0
Porter,Logistics,Bengaluru,$200 Mn,Series F,Kedaara Capital and Wellington Management,200000000.0
Porter,Logistics,Bengaluru,$200 Mn,Series F,Kedaara Capital and Wellington Management,200000000.0
Uni Seoul,Lifestyle,Pune,Rs 5 crore,Seed Funding,Sauce VC,60000000.0
Malaki,Beverage,Mumbai,Rs 5.7 Cr,Seed Funding,Venture Catalysts,68400000.0
Care.fi,Healthcare Fintech,Gurugram,Rs 6 Cr,Debt Round,RevX,72000000.0
Metafin,NBFC,Mumbai,$10Mn,Series A,Vertex Ventures SEAI,10000000.0
Mugafi,AI,Gurugram,$3 Mn,Seed Round,StartupXseed,3000000.0
CollegeDekho,Edtech,Gurugram,Rs 40 Cr,Debt Funding,Recur Club,480000000.0
Primebook,Android Laptop,Delhi,$2 Mn,Pre-Series A,Inflection Point Ventures,2000000.0
Scandalous Foods,B2B Indian sweets,Nashik,Rs 2 Cr,Seed Round,New Age India Fund,24000000.0
Kult,Beauty Tech,Mumbai,$20 Mn,Series A,M3M Family Office,20000000.0
Stimuler,Edtech,Bengaluru,$3.75 Mn,Pre-Series A,"Lightspeed, SWC Global",3750000.0
QNu,Cyber Security,Bengaluru,Rs 60 Cr,Series A,NQM,720000000.0
Vividobots,Robotics,Chennai,Rs 1.47 Cr,Seed Round,Inflection Point Ventures,17640000.0
HexaHealth,Healthtech,Gurugram,$12 Million,Series A,Orios Venture Partners and 3one4 Capital,12000000.0
SatLeo Labs,Space Tech,Ahmedabad,$3.3 Mn,Pre-seed Round,Merak Ventures,3300000.0
Sadhav Offshore,Maritime Service,Mumbai,Rs 25 Cr,Equity Round,Negen Capital,300000000.0
Anveshan,D2C Food,Gurugram,Rs 48 Cr,Series A,Wipro Consumer Care,576000000.0
Salt Oral Care,Pre-Series A,Mumbai,$1 Mn,Pre-Series A,Lotus Holdings,1000000.0
Ivana Jewels,Lab-grown Diamonds,Surat,Rs 2 Cr,Seed Round,Avinya Ventures,24000000.0
Fuze,Digital Assets Infrastructure,Abu Dhabi,$12.2 Mn,Series A,Galaxy and e& Capital,12200000.0
Kaleidofin,Fintech,Chennai,$5.3 Mn,Funding Round,IDH Farmfit Fund,5300000.0
Kaleidofin,Fintech,Chennai,$5.3 Mn,Funding Round,IDH Farmfit Fund,5300000.0
Finodaya Capital,Non-banking financial company,Indore,$2.5 million,Seed Funding,White Venture Capital,2500000.0
Ivory,Healthcare,New Delhi,$1 million,Funding Round,"IIM-A Ventures, Capital-A",1000000.0
MatBook,Construction Tech,Gurugram,$750K,Pre-Seed Round,"Seedstars International Ventures, Fluent Ventures and Everywhere Ventures",750000.0
Rebel Foods,Cloud Kitchen,Mumbai,$25 million,Series G,Qatar Investment Authority,25000000.0
DevAssure,SaaS,Chennai,Undisclosed,Pre‑Seed Funding,Eximius Ventures,
Poshs Metal,Steel Processing,Pune,Rs 43 crore,Funding Round,Aavishkaar Capital,516000000.0
MyDesignation,D2C Fashion,Thiruvananthapuram,$1.25 million,Seed Funding,Multiply Ventures,1250000.0
Emversity,Edtech,Bengaluru,$5 million,Pre-Series A Round,Z47 and Lightspeed,5000000.0
Vayudh,Drone Startup,New Delhi,$10 million,Funding Round,Dharana Capital,10000000.0
BankBazaar,Loan Sourcing,Chennai,Rs 55 crore,Funding Round,"Muthoot Fincorp, Walden International",660000000.0
SaveIN,Fintech,New Delhi,Rs 37 crore,Funding Round,"10X Founders, Oliver Jung, Leblon Capital, Stem AI",444000000.0
Intellicar,Fabric,Bengaluru,$13.5 million,Series A,Nuveen,13500000.0
GreenGrahi,Agri-biotech,New Delhi,Rs 32 crore,Funding Round,Avaana Capital,384000000.0
Rimigo,Travel Tech,Bengaluru,$550K,Pre-Seed Round,Reazon Capital,550000.0
Rimigo,Travel Tech,Bengaluru,$550K,Pre-Seed Round,Reazon Capital,550000.0
Optimized Electrotech,Deeptech,Ahmedabad,$6 million,Series A,Blume Ventures and Mela Ventures,6000000.0
V SAFE,IoT,Thanjavur,$300K,Seed Funding,Priya Parthasarathy,300000.0
SportsSkill,Sports Technology,Pune,Undisclosed,Pre-Seed Funding,Waimea Bay Investments,
Jupiter International,Solar solutions,Kolkata,Rs 500 Cr,-,ValueQuest SCALE Fund,6000000000.0
Cura Care,Oral Care,Bengaluru,Rs 5 Cr,Pre-Seed,Zeropearl VC,60000000.0
Noto,Ice Cream Brand,Mumbai,Rs 21 Cr,Angel Fund,Equentis,252000000.0
BeastLife,Nutrition Brand,Gurugram,Rs 1.9 crore,-,Rinku Singh,22800000.0
CENTA,Education,Bengaluru,Rs 20 Cr,Series A1,Colossa Ventures,240000000.0
Jewelbox,D2C lab-grown diamond jewellery,Kolkata,$3.2Mn,pre-Series A,V3 Ventures,3200000.0
Rio Innobev,Beverage Startup,Pune,Rs 10 Cr,Pre-Series A,Atomic Capital,120000000.0
OfBusiness,B2B commerce,Gurugram,Rs 100 Cr,-,Cornerstone Ventures,1200000000.0
Nothing Before Coffee,QSR coffee chain,Jaipur,$2.3 Mn,Pre-Series A,Prath Ventures,2300000.0
Peppermint Robotics,Robotics,Pune,$4 Mn,Series A,Indian Angel Network,4000000.0
Garuda Aerospace,Aerospace,Chennai,Rs 100 Cr,Series B,Venture Catalysts,1200000000.0
Magma,B2B manufacturing,Ahmedabad,$5Mn,Series A,Capria Ventures,5000000.0
IPEC,EV charging,Mumbai,$3 Mn,-,Gruhas,3000000.0
JetSynthesys,Digital entertainment and technology,Pune,Undisclosed,-,Krafton,
JetSynthesys,Digital entertainment and technology,Pune,Undisclosed,-,Krafton,
Easebuzz,B2B Fintech,Pune,$30 Mn,Funding Round,Bessemer,30000000.0
Asha Ventures,Venture Capitalist,Mumbai,$10 million,Funding Round,British International Investment (BII),10000000.0
Vimano,Nanotech,Bengaluru,Rs 25 Cr,Seed Round,Ankur Capital,300000000.0
Innovist,Beauty Products,Gurugram,Rs 136 Cr,Series B,ICICI Venture,1632000000.0
CalligoTech,AI,Bengaluru,$1.1 Mn,Pre-Series A,Seafund and Artha Venture Fund,1100000.0
Juspay,Fintech,Bengaluru,$60 Mn,Series D,Kedaara Capital,60000000.0
Sadbhav Future Tech,Agri-Renewable,Gurugram,Rs 36 Cr,Pre-IPO Round,Chanakya Opportunities Fund,432000000.0
SiglQ.ai,Edtech,-,$9.5 Mn,Seed Round,The House Fund and GSV Ventures,9500000.0
OUTZIDR,D2C Apparel,Bengaluru,Rs 30 Cr,Seed Round,Stellaris Venture Partners,360000000.0
DaveAI,AI,Bengaluru,Undisclosed,Pre-Series A,Inflection Point Ventures,
Cautio,Visual Telematics,Bengaluru,Rs 11 Cr,Seed Round,"9Unicorns, Venture Catalysts, Antler India, Infinyte Club, Ministry of Electronics and IT (MeitY)",132000000.0
AgroStar,Agritech,Pune,$6.7 Mn,Funding Round,Accel India,6700000.0
Eat Better,D2C Snacking,Jaipur,Rs 17 Cr,Pre-Series A,Prath Ventures and Spring Marketing Capital,204000000.0
Amicco,B2B marketplace,Gurugram,$1 Mn,Seed Funding,Eximius,1000000.0
Let's Try,D2C Snack Brand,Delhi,$2.5 Mn,Funding Round,SWC Global,2500000.0
PARÉ Innovations,building material segment,Mumbai,$8.5Mn,Funding Round,Advenza Global Limited,8500000.0
Bhagva,Digital Spirituality,Delhi,$1 Mn,Pre-Series A,Pradeep Nain,1000000.0
Noise,Wearables,Gurugram,$20 Mn,Funding Round,Bose Corporation,20000000.0
Xindus,Cross-border Logistics,Gurugram,$10 Mn,Pre-Series A,3one4 Capital and Orios Venture Partners,10000000.0
Eloelo,Live Social Entertainment,Bengaluru,$13.5 Mn,Series B,Play Ventures,13500000.0
AskMyGuru,Spiritual-tech,Bengaluru,$1.2 Mn,Seed Round,Lumikai,1200000.0
Bower,Edtech,Hyderabad,Rs 11.5 Crore,Seed Funding,High-Net-Worth Individuals (HNIs) and Astir Ventures,138000000.0
Mosaic Wellness,Health and wellness,Mumbai,$20 Mn,-,Think Investment,20000000.0
GreenLine Mobility Solutions Ltd.,Green Logistics,Surat,$20Mn,-,Nikhil Kamath,20000000.0
GreenLine Mobility Solutions Ltd.,Green Logistics,Surat,$20Mn,-,Nikhil Kamath,20000000.0
Koparo,D2C,New Delhi,$1.7 million,Pre-Series A,Saama Capital,1700000.0
Lehlah,Influencer Commerce,Mumbai,INR 12.5 crore,Seed Funding,Gruhas,
Spinny,Used-car sales,Gurugram,$131 million,Funding Round,Accel Leaders Fund,131000000.0
Tvaster Genkalp,Healthtech,Chennai,$1.25 million,Pre-Series A,Ideaspring Capital,1250000.0
Evenflow,Multi-brand,Mumbai,$5 million,Series A,"Venture Catalysts, Sunder Ramachandran",5000000.0
Wendor,Smart Vending,Delhi,$2.5 million,Seed Funding,Elanpro,2500000.0
Stance Health,Healthtech,Bengaluru,$1 million,Pre-Seed,General Catalyst,1000000.0
The Bear House,D2C Menswear,Bengaluru,INR 50 crore,Series A,JM Financial Private Equity,
DeCharge,EV Charging Solutions,Hyderabad,$2.5 million,Seed Funding,Lemniscap,2500000.0
YatriKart,Transit Retail,Indore,Undisclosed,Series A,MMG Group,
Argos Watches,Luxury watch brand,Surat,INR 6.5 crore,Angel Funding Round,Group of high-net-worth Indian investors,
Better Nutrition,Biofortified food brand,Lucknow,INR 10 crore,Seed Funding,Family offices and high-net-worth individuals (HNIs),
InnerGize,D2C mental health tech,Mumbai,INR 4.5 crore,Pre-Seed,Antler,
Infinity Fincorp,NBFC,Mumbai,$40 million,Series A,Beams Fintech Fund,40000000.0
Fur Jaden,Luggage and lifestyle brand,Mumbai,$1.1 million,Pre-Series A,Gruhas Collective Consumer Fund,1100000.0
Flipkart Internet,Marketplace,Bengaluru,"INR 3,249 crore",-,Flipkart Marketplace Private Limited in Singapore,
Pratilipi,Storytelling App,Bengaluru,$20 million,Series E Round,Jungle Ventures,20000000.0
RapidClaims,AI Revenue Cycle Management,Akola,$11 million ($8 million and $3 million),"Series A, Seed Round","Accel, Together Fund",11000000.0
FurtherAI,AI Assistants,US,$5 million,Funding Round,Nexus Venture Partners,5000000.0
Sweet Karam Coffee,Foods and Beverages,Chennai,$8 million,Series A,Peak XV Partners,8000000.0
Scapia,Travel fintech,Bengaluru,$40 million,Series B,Peak XV Partners,40000000.0
Perkant Tech,Healthtech,Vishakhapatnam,INR 6.6 crore,Seed Funding,YourNest Venture Capital,
DriverShaab,B2B mobility solutions provider,Patna,INR 2.8 crore,Pre-Series A,Inflection Point Ventures,
Tonbo Imaging,Defence tech,Bengaluru,INR 175 crore,Series D pre-IPO funding round,"Florintree Advisors, Tenacity Ventures and the Export-Import Bank of India",
Aerem Solutions Private Limited,Solartech,Mumbai,INR 100 crore,Funding Round,UTEC,
Alienkind,Juice Brand,Bengaluru,$1.2 million,Seed Funding,"Prakash Sikaria, Ravi Iyer, Arpan Sheth",1200000.0
Alienkind,Juice Brand,Bengaluru,$1.2 million,Seed Funding,"Prakash Sikaria, Ravi Iyer, Arpan Sheth",1200000.0
Nexthop AI,AI,US,$110 million,Funding Round,Lightspeed Venture Partners,110000000.0
Abound,Finance,US,$14 million,Seed Funding,NEAR Foundation,14000000.0
smallcase,Online investment platform,Bengaluru,$50 million,Series D,Elev8,50000000.0
Country Delight,Dairy products brand,Gurugram,$25 million,Equity Round,"Temasek, V-Sciences Investments",25000000.0
Apna Mart,FMCG Chain,Bengaluru,INR 214 crore,Equity and Funding Round,Accel and Fundamentum,
DCDC Kidney Care,Health Service,New Delhi,INR 150 crore,-,ABC Impact,
Curefoods,Cloud Kitchen,Bengaluru,$6.6 million,-,"BlackSoil, Binny Bansal and Caspian Investments",6600000.0
Curefoods,Cloud Kitchen,Bengaluru,$6.6 million,-,"BlackSoil, Binny Bansal and Caspian Investments",6600000.0
SHOEGR,Shoe care,Chandigarh,$100K,Pre-Seed Round,PedalStart,100000.0
Otipy,Agritech,Gurgaon,$2 million,Venture Debt,Nuvama,2000000.0
Slikk Club,Fashion Delivery,Bengaluru,$3.2 million,Seed Round,Lightspeed,3200000.0
Protectt.ai,Mobile App Security,Gurgaon,Rs 76 Cr ($8.7 million),Series A,Bessemer Venture Partners,912000000.0
Nivara Home Finance,Housing loan,Bengaluru,Rs 245 Cr,Series B,True North,2940000000.0
Pilgrim,D2C Beauty Brand,Bengaluru,Rs 200 Cr,Mix of Primary and Secondary Funding,NSFO,2400000000.0
Chai Kings,Chai Retail,Chennai,$3 million,Series A,A.V. Thomas and Co,3000000.0
Qila Games,Gaming,Bengaluru,$1 million,Pre-seed Funding,Chimera VC,1000000.0
Lighthouse PropTech,PropTech,Mumbai,$2.5 million,Funding Round,Turbostart,2500000.0
Iyaso,Speech Therapy,Pune,$500k,Pre-Seed Funding,Malpani Ventures,500000.0
My Pahadi Dukan,D2C Wellness,Jalandhar,Undisclosed,Pre-Seed Funding,Inflection Point Ventures,
Navadhan,Fintech,Mumbai,Rs 111 crore,Series A,NabVentures,1332000000.0
Asper.ai,AI-powered supply chain,Bengaluru,$20 million,-,Fractal,20000000.0
Everhope Oncology,Healthcare,Delhi and Mumbai,$10 million,Seed Funding,-,10000000.0
Harvested Robotics,AI,Hyderabad,Rs 5 crore,Seed Round,Arali Ventures,60000000.0
Broadway,D2C,Mumbai,-,Strategic Investment,Gruhas,
Nourish You,Plant-based Nutrition,Hyderabad,Rs 16 crore,Series A,Sidbi Venture Capital,192000000.0
iHub Robotics,Humanoid robotics,Ernakulam,Rs 4.3 crore,Pre-Seed Funding,U.S. investors,51600000.0
Hypergro.ai,AI,Bengaluru,Rs 7 crore,Pre-Series A,Eternal Capital,84000000.0
GoOAT,D2C nutrition,Gurugram,undisclosed,Pre-Seed Round,Sirona,
Go Zero,Ice Cream,Mumbai,Rs 30 crore,Series A,"DSG Consumer Partners, Saama Capital and V3 Ventures",360000000.0
Yummy Bee,Café chain,Hyderabad,Rs 18 crore,Funding,Mile Deep Capital,216000000.0
Yummy Bee,Café chain,Hyderabad,Rs 18 crore,Funding,Mile Deep Capital,216000000.0
Zolve,Cross-border NeoBank,Bengaluru,$251 million,Series B,"Creaegis, HSBC, SBI Investment, GMO Venture Partners",251000000.0
Scimplify,Chemicals Startup,Bengaluru,$40 million,Series B,"Accel, Bertelsmann India, UMI, Omnivore and 3one4 Capital",40000000.0
Purple Style Labs,Omnichannel Luxury Fashion,Mumbai,$40 million,Series E,"SageOne Flagship Growth OE Fund, Alchemy Long Term Ventures Fund, Bajaj Holdings and Investment, and Minerva Ventures Fund",40000000.0
AmpereHour Energy,Energy Storage,Pune,$5 million,Series A,Avaana Capital,5000000.0
goSTOPS,Backpacker Hostel,New Delhi,$4.2 million,Series A,Blume Ventures,4200000.0
goSTOPS,Backpacker Hostel,New Delhi,$4.2 million,Series A,Blume Ventures,4200000.0
indē wild,Ayurvedic Skincare,Mumbai,$5 million,Seed Round,"Unilever Ventures, SoGal Ventures, The Global Ventures",5000000.0
Zuppa,Drone Manufacturing,Chennai,-,Strategic Investment,Garuda Aerospace,
Swish,Food Delivery,Bengaluru,$14 Mn,Series A,"Hara Global Capital, Accel India",14000000.0
Gainhub.Ai,Unknown,Haryana,$100K,Pre-Series,Growth Strategy Ventures,100000.0
MapMyCrop,Agritech,Pune,Rs 15.7 Cr,Seed Funding,"YourNest Venture Capital, Eaglewings Venture",188400000.0
MaxIQ (formerly Gyaan AI),AI,Bengaluru,$7.8 million,Seed Funding,"Dell Technologies Capital, Intel Capital",7800000.0
Phot.AI,AI,Gurugram,$2.7Mn,Seed Funding,"Info Edge Ventures, Together Fund, AC Ventures",2700000.0
InsuranceDekho,Insurtech,Gurugram,$70Mn,Funding Round,"Beams Fintech Fund, Japan’s Mitsubishi UFJ Financial Group (MUFG), and insurer BNP Paribas Cardif",70000000.0
Beacon.li,AI,San Fracisco,$7 Mn,Series A,Sorin Investments,7000000.0
Darwinbox,HR technology,Mumbai,$140 Mn,Undisclosed Round,Partners Group and KKR,140000000.0
Nuuk,D2C home appliances,Gurugram,$5 Mn,Series A,"Vertex Ventures SEAI, Good Capital",5000000.0
Nuuk,D2C home appliances,Gurugram,$5 Mn,Series A,"Vertex Ventures SEAI, Good Capital",5000000.0
Geniemode,B2B Cross-Border E-commerce,Gurugram,$50 million,Series C,"Multiples Alternate Asset Management, Fundamentum, Paramark Ventures, Info Edge Ventures",50000000.0
Bridgetown Research,SaaS - Research Analytics,Bengaluru,$19 million,Funding Round,"Lightspeed, Accel",19000000.0
Oxyzo,Fintech - NBFC Lending,Gurugram,Rs 100 crore ($12M),Debt Funding,AK Capital Finance,1200000000.0
Quick Clean,Linen Management - SaaS,Gurugram,Rs 50 crore ($5.7M),Series A + Debt Funding,"Alkemi Growth Capital, Blue Ashva Capital, Rs 10 crore ($1.15M) credit line from Venture Debt Cos",600000000.0
Dr. Reddy’s Laboratories,Pharmaceutical Company,Hyderabad,Rs 30 crore,Strategic Investment,Acquired a 0.32% stake by Go Digit (Insurtech - Investments),360000000.0
FanTV,Content - Blockchain/Sui Network,Noida,$3 million,Strategic Investment,"Mysten Labs, Cypher Capital, CoinSwitch Ventures, Illuminati Capital",3000000.0
Vidyut,EV Full-Stack Platform,Bengaluru,$2.5 million,Funding Round,Flourish Ventures,2500000.0
HiWiPay,Fintech - Cross-border Payments,Mumbai,$2 million,Seed Round,"Unicorn India Ventures, Dewang Neralla's Family Office, Jupiter Metaverse LLP, Ritesh Malik, Mitesh Shah, Nilesh Doshi",2000000.0
Technodysis,IT - Cloud & DevOps Solutions,Bengaluru,Rs 10 crore,Debt Funding,Recur Club,120000000.0
Sisir Radar,Spacetech - SAR Satellite Imaging,Kolkata,$1.5 million,Seed Round,"Shastra VC, Riverwalk Holdings, INVSTT",1500000.0
Jobizo,HRTech - Healthcare Staffing Solutions,Gurugram,$1.4 million,Pre-Series Funding,Alkemi Growth Capital,1400000.0
Astrogate Labs,Spacetech - Satellite Communications,Bengaluru,$1.3 million,Pre-Series Funding,Piper Serica Angel Fund,1300000.0
Triple Tap Games,Gaming - Game Development,Mumbai,$1.2 million,Pre-Seed Round,"Eximius Ventures, Kalaari Capital, Angel Investors from Entertainment & Gaming Community",1200000.0
Dodo Payments,Fintech - Payments Infrastructure,Bengaluru,$1.1 million,Pre-Seed Round,"Antler, 9Unicorns, Venture Catalysts, Nitin Gupta, Maninder Gulati, Raymond Russell, Preethi Kasireddy, Nishant Verman",1100000.0
Ritualistic,Home Decor - D2C Brand,Gurugram,$1 million,Secondary + Primary Funding,"Deep Bajaj, Mohit Bajaj",1000000.0
Earthful,Plant-Based Nutrition - D2C Wellness,Hyderabad,Rs 5 crore ($600K),Seed Round,Srinivasan Namala,60000000.0
Pickkup,Logistics - Hyperlocal Deliveries,Gurugram,$500K,Seed Round,"We Founder Circle (WFC), Angel Investors",500000.0
Make in Box,Deeptech - Engineering Solutions,Gurugram,$260K,Pre-Series Funding,"Mile Deep Works, Mile Deep Capital",260000.0
Make in Box,Deeptech - Engineering Solutions,Gurugram,$260K,Pre-Series Funding,"Mile Deep Works, Mile Deep Capital",260000.0
Lightstorm,Cloud & Data Centre Networking,Gurugram,Rs 700 crore ($80.5M),Funding Round,NIIF Infrastructure Finance Limited (NIIF IFL),8400000000.0
Udaan,B2B E-commerce,Bengaluru,$75 million,Series G,Series G Equity Funding,75000000.0
Waterfield Advisors,Wealth Advisory - Fintech,Mumbai,$18 million,Funding Round,Jungle Ventures (Primary & Secondary Investment),18000000.0
Spyne,AI-Powered Visual Merchandising - AutoTech,Gurugram,$16 million,Series A,"Vertex Ventures, Accel, Storm Ventures, Alteria Capital",16000000.0
The Whole Truth,Clean Label Health Food - D2C,Mumbai,$15 million,Series C,"Sofina, Z47, Peak XV Partners, Sauce.VC",15000000.0
Singulr AI,Enterprise AI Solutions,Bengaluru,$10 million,Seed Round,"Nexus Venture Partners, Dell Technologies Capital",10000000.0
Dogsee Chew,D2C Pet Treats,Bengaluru,$8 million,Series B,"Ektha.com, Shivanssh Holdings, Poddar Family Office",8000000.0
Rare Rabbit,Omnichannel Fashion Retailer,Bengaluru,Rs 50 crore ($6M),Growth Funding,A91 Partners,600000000.0
Ikonz Studios,Digital Avatars & Holography - AI/VR,Hyderabad,$5 million,Pre-Series A,"Marc Jordan, Ramana Thummu, Madhusudan Kela, Akash Bhanshali",5000000.0
Probus Smart Things,IoT & Data Analytics,Noida,$5 million,Series A1,"Unicorn India Ventures, US-based & Indian Family Offices",5000000.0
Swish Club,Devices-as-a-Service - DaaS,Bengaluru,$4.5 million,Pre-Series A,"Powerhouse Ventures, Blume Ventures, Founders Fund, Touchstone Ventures, Eternal Capital, Atrium Ventures",4500000.0
OneTab AI,Workplace SaaS - AI Solutions,Indore,$3.3 million (Rs 28.6Cr),Seed Round,"LIT Fund, Orbit, Singapore Family Office, SOSV, Sunil Kumar Singhvi, Founders",
Almonds Ai,Loyalty & Rewards Platform - SaaS,Gurugram,Rs 16 crore ($1.9M),Seed Round,"Promoters of Haldiram’s, JITO Incubation & Innovation Foundation (JIIF), Venture Catalysts, Ever Grow Capital, Nine ALPS",192000000.0
NOTO Ice Cream,D2C - Health Foods,Mumbai,Rs 15 crore ($1.75M),Growth Funding,"Inflection Point Ventures (IPV), JITO Incubation & Innovation Foundation, LetsVenture",180000000.0
Dynolt Technologies,Deeptech - AI & Analytics,Bengaluru,$1.7 million,Seed Round,"Transition VC, Yashowardhan Shah",1700000.0
You Care Lifestyle,Independent Verification - E-commerce,Mumbai,$1 million,Funding Round,"Luke Coutinho, Narendra Firodia",1000000.0
Healthfab,D2C - Reusable Period Panties,Bengaluru,$1 million,Pre-Series A,"Mistry Ventures, BeyondSeed, Thrive Ventures, Anupam Mittal, Aman Gupta, Vineeta Singh, Peyush Bansal",1000000.0
BYTES,AI-Powered ADAS for Two-Wheelers - MobilityTech,Pune,₹20 lakh (Non-Dilutive),Grant,Nikhil Kamath’s WTFund (2024 Cohort),
BYTES,AI-Powered ADAS for Two-Wheelers - MobilityTech,Pune,₹20 lakh (Non-Dilutive),Grant,Nikhil Kamath’s WTFund (2024 Cohort),
EnCharge AI,AI Chips - Semiconductor,California,$100 million+,Series B,Tiger Global,100000000.0
ToneTag,Digital Payments - Fintech,Bengaluru,$78 million,Funding Round,"ValueQuest Scale Fund, Iron Pillar",78000000.0
SpotDraft,Contract Lifecycle Management - CLM SaaS,Bengaluru,$54 million,Series B,"Vertex Growth Singapore, Trident Partners, Xeed VC, Arkam Ventures, Prosus Ventures, Premji Invest",54000000.0
Zeta,Banking Tech - Fintech SaaS,Hyderabad,$50 million,Investment Round (Valued at $2B),Strategic Investor,50000000.0
75F,Commercial HVAC Automation - IoT & AI,Bengaluru,$45 million,Series B,"Accurant International's Net Zero Alliance, Carrier Global Corporation, Climate Investment, Breakthrough Energy Ventures, Next47, WIND Ventures",45000000.0
Rapido,Mobility - Bike Taxi Services,Bengaluru,Rs 250 crore ($29.7M),Series E,Prosus,3000000000.0
JQR,Affordable Footwear - D2C,Bahadurgarh,$25 million,VC Funding (First Institutional),Venturi Partners,25000000.0
Lucidity,Multi-Cloud Storage - SaaS,Bengaluru,$21 million,Series A,"WestBridge Capital, Alpha Wave",21000000.0
The Whole Truth,D2C Protein Bars - Foodtech,Mumbai,Rs 133 crore ($16M),Series C,"Sofina Ventures, Peak XV Partners, Matrix Partners, Sauce.vc",1596000000.0
Nirmata,SaaS - Cloud Security,Bengaluru,$9.6 million,Funding Round,"Peak XV’s Surge, Dallas Venture Capital, Dreamit, Z5 Capital, Uncorrelated Ventures",9600000.0
BorderPlus,Global Workforce Mobility,Mumbai,$7 million,Institutional Investment Round,Owl Ventures,7000000.0
Bold Care,D2C Sexual Wellness - Healthtech,Mumbai,$5 million (Rs 43 Cr),Series A,"Zerodha’s Rainmatter, Mithun Sacheti (CaratLane), Siddhartha Sacheti (Jaipur Diamond), Gruhas Collective Consumer Fund, Claris Capital",
CapGrid Solutions,B2B Manufacturing - Supply Chain SaaS,Gurugram,$5 million,Funding Round,"Anicut Growth Fund, Nexus Venture Partners, Axilor Ventures",5000000.0
Nivaan Care,Chronic Pain Management - Healthtech,Delhi,$4.25 million,Seed Round,"Endiya Partners, W Health Ventures",4250000.0
Toonsutra,Webtoon & Comics - MediaTech,Bengaluru,$3.2 million,Seed Round,"Holtzbrinck Publishing Group, GMJP, T-Accelerate, Google, Graphic India",3200000.0
Mysa,Unified Finance - Fintech SaaS,Bengaluru,$2.8 million,Seed Round,"Blume Ventures, EMVC, Antler, Neon Fund, CIIIE, Sriharsha Majety (Swiggy), Mohit Kumar (Ultrahuman), Naiyaa Saagi (MyGlamm), Nitin Gupta (Uni)",2800000.0
Eduvanz,Education Loan - Fintech,Mumbai,Rs 25.52 crore,Bridge Funding Round,"Juvo Ventures, Capria Fund, Peak XV, Unitus Ventures",306240000.0
ArthAlpha,Investment Tech - Wealthtech,Bengaluru,$2 million+,Seed Round,"DSP, Family Offices, Wealth Managers",2000000.0
Anscer Robotics,Deeptech - Robotics,Bengaluru,$2 million,Seed Round,Info Edge Ventures,2000000.0
The Energy Company,EV Battery Solutions,Bengaluru,$2 million,Pre-Series A,"Siana Capital, Callapina Capital, Z21 Ventures, 1Crowd, LetsVenture, other investors",2000000.0
Future AGI,AI Infrastructure,Bengaluru,$1.6 million,Pre-Seed Round,"Powerhouse Ventures, Snow Leopard Ventures, AngelList Quant Fund, Saka Ventures, Swadharma Source Ventures, 30+ industry stalwarts",1600000.0
Cogniquest,Intelligent Document Processing - SaaS AI,Bengaluru,$1.2 million,Seed Round,"Cedar IBSI Capital, Dexter Venture, AngelList, Congniphy US",1200000.0
Raincheck Earth Co.,Alcoholic Beverage - D2C,Delhi,$1.2 million,Pre-Series A,"Japanese Investors, AngelList India Syndicate",1200000.0
Rupeeflo,Fintech - Lending Platform,Bengaluru,$1 million,Pre-Seed Round,Piper Serica Angel Fund,1000000.0
GoRally,Pickleball Chain - Sports,Bengaluru,Rs 6.6 crore ($750K),Pre-Seed Round,"Sujeet Kumar, Mohit Kumar, Vatsal Singhal, Viren Singhvi, Kartik Kapoor, Abhishek Goyal, Deepak Singh, Arjun Vaidya, Bharat Founders Fund",79200000.0
StepOut,Sports Tech - Performance Analysis,Bengaluru,"$500,000",Seed Round,"Rainmatter (Nithin Kamath), IndigoEdge, Marwah Sports Group, Misfits Capital",500000.0
LegUp,Caregiving Tech - Family & Wellness,Washington,Rs 2 crore ($250K),Pre-Seed Round,Bluebridge Capital Private Limited,24000000.0
Croft Beverages,Sustainable Tea - AgriTech D2C,Coimbatore,$125K,Pre-Seed Round,"Angel Investors from tea, sustainability, IT, biotech sectors",125000.0
Croft Beverages,Sustainable Tea - AgriTech D2C,Coimbatore,$125K,Pre-Seed Round,"Angel Investors from tea, sustainability, IT, biotech sectors",125000.0
Myntra,E-commerce - Fashion,Bengaluru,$81 million,Capital Infusion,Flipkart (Parent Company),81000000.0
Captain Fresh,Seafood Supply Chain,Bengaluru,Rs 250 crore ($30 million),Pre-IPO Funding Round,"Prosus Ventures, Accel, Tiger Global, family office of Sriharsha Majety (Swiggy), Sid Khanna, Sunjay Kapur, Shivalik Prints",3000000000.0
TrueFoundry,AI Deployment & Scaling,Bengaluru,$19 million,Series A,"Intel Capital, Eniac Ventures, Peak XV’s Surge, Jump Capital, Gokul Rajaram, Mohit Aron, Cyan Banister, Fortune 1000 executives",19000000.0
Cognida.ai,Enterprise AI Solutions,Hyderabad,$15 million,Series A,Nexus Venture Partners,15000000.0
HairOriginals,D2C Hair Extensions & Wigs,Gurugram,Rs 43.5 crore ($5 million),Series A,"Anicut Growth Fund, 12 Flags Consumer Holdings, Peyush Bansal (Lenskart)",522000000.0
Nua,Women’s Wellness & Hygiene,Mumbai,Rs 35 crore,Pre-Series C,"Mirabilis Investment Trust, Samir Singh (Colgate Palmolive), Shuchi Kothari (DSP Family Office)",420000000.0
Scentials,D2C Wellness,Mumbai,Rs 34.6 crore ($4 million),Debt & Equity,"Indus Way Emerging Market Fund, TIW Private Equity",415200000.0
Dreamfly Innovations,Battery Tech,Bengaluru,Rs 12 crore,Seed Round,"Avaana Capital, Sunicon Ventures",144000000.0
Mealawe,Foodtech,Pune,$1 million,Funding Round,"Shark Tank founders, FDI, angel investors from Goldman Sachs, Oracle",1000000.0
Fitspire,Health & Nutrition,Delhi,$1 million,Bridge Round (Pre-Series A),"McDonald's India (North & East) Promoter Anant Agarwal, MM Agrawal Group (MMG), AKG financials",1000000.0
Quicklend,Secured Lending,Bengaluru,Rs 6.75 crore ($774K),Pre-Seed Round,"Inuka Capital, Eximius Ventures, Upsparks Capital, GrowX, strategic angel investors",81000000.0
Babynama,Digital Pediatric Care,New Delhi,"$700,000",Seed Round,"Good Capital, Amplify, Abhishek Gupta (Fashinza), Ankit Gupta (Bicycle Health), Akshay Saxena (Avanti), Dhruv Dhanraj Bahl (Ex-BharatPe)",700000.0
Presage Insights,IoT & AI Predictive Maintenance,Faridabad,Rs 5.6 crore,Seed Round,YourNest Venture Capital (YourNest-SanchiConnect Velocity Program 2024),67200000.0
PlaySuper,Gaming Commerce,Gurugram,$500K,Seed Round,"IAN Angel Fund, 100X.VC, angel investors (Uday Sodhi, KRS Jamwal, Pratham Mittal, Rajit Bhattacharya, Ankit Das)",500000.0
Origamis AI,GenAI Startup,Bengaluru,$500K,Seed Round,"Vikas Gautam, Naveen Agarwal",500000.0
Astra Security,Cybersecurity,New Delhi,$2.7 million,Funding Round,"Emergent Ventures, The Neon Fund, Better Capital, Blume Ventures, PointOne Capital",2700000.0
Vahan.ai,AI Hiring Platform,Bengaluru,Undisclosed,Strategic Investment,Persol Group (Asia-Pacific HR Services Provider),
BonV Aero,Drone Manufacturing,Bhubaneswar,Undisclosed,Funding Round,Unicorn India Ventures,
COLUXE,Lab-grown Diamonds - LGD Brand,New Delhi,Undisclosed,Angel Round,"Angel Round (Launched by Priyanka Gill, Venture Partner at Kalaari Capital, Co-founder of Good Glamm Group)",
COLUXE,Lab-grown Diamonds - LGD Brand,New Delhi,Undisclosed,Angel Round,"Angel Round (Launched by Priyanka Gill, Venture Partner at Kalaari Capital, Co-founder of Good Glamm Group)",
Meesho,E-commerce,Bengaluru,$500-$550 million,Funding Round,"Tiger Global, Think Investments, Mars Growth Global, Peak XV Partners, WestBridge Capital",
Leap,Edtech - Student Mobility,Bengaluru,$65 million,Primary and Secondary Equity,"Apis Growth Markets Fund III, Apis Global Growth Fund III, Owl Ventures, Jungle Ventures, Peak XV Partners",65000000.0
Atomicwork,B2B SaaS,Bengaluru,$25 million,Series A,"Khosla Ventures, Z47 (formerly Matrix Partners India), Battery Ventures, Blume Ventures, Peak XV Partners",25000000.0
SuperOps,IT Management SaaS,Chennai,$25 million,Series C,"March Capital, Lee Fixel’s Addition, Z47",25000000.0
Innov8,Coworking,New Delhi,Rs 110 crore ($13 million),Primary Funding Round,"Mankind Pharma, Gauri Khan, Rupa Group, Jagruti Dalmia",1320000000.0
Geri Care Health Services,Senior Healthcare,Chennai,Rs 110 crore ($13 million),Funding Round,InvAscent (India Life Sciences Fund IV),1320000000.0
Emiza,Logistics,Mumbai,Rs 100 crore,Series C,"Evolvence India, Mirabilis Investment Trust",1200000000.0
VoltUp,EV Infrastructure,Pune,$8 million,Seed Round,EM Impact Capital (UK-based impact investment firm),8000000.0
Astrome Technologies,Telecom - E-band Solutions,Bengaluru,$10 million,Funding Round,"Apollo Fund, IAN Group",10000000.0
Ambak,Fintech,Gurugram,$7 million,Seed & Pre-Series A,"Peak XV’s Surge, Advantedge VC, DeVC, angel investors",7000000.0
GrowXCD Finance,NBFC - MSME Lending,Chennai,Rs 50 crore,Equity Funding,"Lok Capital, UC Impower",600000000.0
Whizzo,Materials Science Manufacturing,Bengaluru,$4.2 million,Seed Round,"Lightspeed, BEENEXT",4200000.0
Bizloan,NBFC - SME Lending,Gurugram,Rs 35 crore ($4.16M),Series A,"Michael & Susan Dell Foundation, BLinC Invest",420000000.0
Salad Days,D2C Food,Gurugram,Rs 30 crore ($3.6 million),Series A,"V3 Ventures, Client Associates Alternate Fund (CAAF)",360000000.0
CHK,D2C Footwear,Bengaluru,$2.5 million,Funding Round,"Accel, Bluestone, individual investors",2500000.0
MetaShot,Gaming - Console,Bengaluru,Rs 11 crore,Equity & Debt,"Sauce.vc, Sharrp Ventures, Panthera Peak Capital",132000000.0
Sammmm,Teen Self-care Brand,Mumbai,Rs 10 crore ($1.2 million),Seed Round,"Fireside Ventures, Sauce VC, Nihir Parikh, Sachin Parikh, Shantanu & Nikhil Mehra",120000000.0
Origin Fresh,Fresh Produce D2C,Bengaluru,$1 million,Pre-Seed Round,"Aeravti Ventures, Ultra HNIs",1000000.0
Shoppin,Fashion Search Engine,India,$1 million,Funding Round,InfoEdge Ventures,1000000.0
ThinkMetal,Deeptech - Manufacturing,Chennai,"$800,000",Pre-Series A,"YourNest Venture Capital, Concept Communications, Sanchi Connect",800000.0
Utsav,Spiritual & Devotion Platform,Kolkata,Rs 6.35 crore,Funding Round,Equanimity Investments,76200000.0
MedMitra AI,Healthtech - AI-driven Solutions,Jaipur,Rs 3 crore,Funding Round,"All In Capital, WEH Ventures",36000000.0
Dressfolk,D2C Handloom Clothing,New Delhi,Undisclosed,Funding Round,"Eternal Capital, along with D2C founders Ghazal Alagh (founder, Mamaearth) and Dhruv Koli (founder, Boba Bhai), with participation from Nobody Ventures and Eagle Wings Ventures",
Dressfolk,D2C Handloom Clothing,New Delhi,Undisclosed,Funding Round,"Eternal Capital, along with D2C founders Ghazal Alagh (founder, Mamaearth) and Dhruv Koli (founder, Boba Bhai), with participation from Nobody Ventures and Eagle Wings Ventures",
Infra.Market,Construction Materials,Mumbai,$121 million,Funding Round,Tiger Global,121000000.0
Nazara Technologies,Gaming & Media,Mumbai,Rs 495 crore ($60 million),Funding Round,"Axana Estates LLP, Arpit Khandelwal, Mithun Sacheti",5940000000.0
Ati Motors,Industrial Robotics,Bengaluru,$20 million,Series B,"Walden Catalyst Ventures, NGP Capital, True Ventures, Exfinity Venture Partners, Athera Venture Partners, Blume Ventures",20000000.0
Aris Infra Solutions,Tech-enabled Procurement,Mumbai,Rs 80 crore,Pre-IPO Round,Mukul Agrawal (Param Capital),960000000.0
Deconstruct,D2C Skincare,Bengaluru,Rs 65 crore ($7.7 million),Funding Round,"BOLD (L’Oréal’s VC Fund), V3 Ventures, DSG Consumer Partners, Kalaari Capital, Beenext",780000000.0
VuNet Systems,Business Observability,Bengaluru,Rs 60 crore ($6.94 million),Series B,"Pravega Ventures, Kotak Securities, Mela Ventures, Athera Venture Partners, Dallas Venture Capital, TVS Capital Funds",720000000.0
Medusa Beverages,Beer Manufacturing,Delhi,Rs 56 crore,Series A,"Amal N Parikh, Ashwin Kedia, Ramesh Damani, Nikhil Garg, Crest Opportunities, HNIs (Singapore, UK, UAE)",672000000.0
Snabbit,Quick Service App,Bengaluru,$5.5 million,Series A,"Elevation Capital, Nexus Venture Partners, Vidit Aatrey, Sanjeev Barnwal, Gaurav Munjal, Niraj Singh",5500000.0
Landeed,Property Title Search Engine,Hyderabad,$5 million,Series X,"10x Founders Fund, Oliver Jung, Paradigm Shift, Pioneer Fund, others",5000000.0
KisanKonnect,D2C Food Brand,Mumbai,$4.5 million,Series A,"Mistry Ventures, Brand Capital, Shilpa Shetty, VC-Grid, Vishwang Desai",4500000.0
BPR Hub,Compliance for Manufacturers,California,$2.6 million,Seed Round,"Accel, Kae Capital",2600000.0
Pipeshift,AI Infrastructure,San Francisco,$2.5 million,Seed Round,"Y Combinator, SenseAI Ventures, Arka Venture Labs, Good News Ventures, others",2500000.0
Zeelab Pharmacy,Healthcare,Delhi,$2.4 million,Maiden Funding Round,OTP Ventures,2400000.0
ProcureYard,B2B Raw Materials,Haryana,$1.72 million,Seed Round,"Powerhouse Ventures, Java Capital, 2am VC, angels including Abhishek Goyal and Rajesh Sawhney",1720000.0
Workie,Office Space Management,Indore,Rs 13 crore,Equity Round,"Sunil Singhania Family Office, NAV Capital, Raman Roy, others",156000000.0
Cancrie,Nanocarbon Materials,Jaipur,$1.2 million,Seed Round,"Roots Ventures, IIMA Ventures",1200000.0
Raaz App,Healthcare,Bengaluru,$1 million,Funding Round,"Fireside Ventures, Campus Fund, Better Capital",1000000.0
Postudio,Post-Production SaaS,Mumbai,$1 million,Pre-Seed Round,Audacity Venture Capital,1000000.0
Chelvies Coffee,Coffee & Dining Brand,Noida,$1 million,Pre-Series A,Endurance Capital,1000000.0
Krvvy,D2C Lingerie & Shapewear,Noida,Rs 6.1 crore ($705K),Pre-Seed Round,"Titan Capital, All In Capital, angels such as Nikita Gupta, Emmanuel Suraj, and others",73200000.0
Prantae Solutions,Deep Tech,Bhubaneswar,Rs 5 crore,Seed Round,"IAN Group, IAN Alpha Fund, Samir Kalia, Deepank Kumar, Nitin Zamre",60000000.0
Exsure,Biotech,Bhubaneswar,Rs 3 crore,Seed Round,Unicorn India Ventures,36000000.0
Dream Aerospace,Aerospace & Defense,Chennai,Rs 3 crore,Pre-Seed Round,Inflection Point Ventures,36000000.0
SVASTEK,Medtech,New Delhi,Rs 2 crore,Seed Round,IAN Angel Fund,24000000.0
JoySpoon,Mouth Freshener,Ahmedabad,Rs 56 lakh,Seed Round,"Dishit Nathwani, Prateek Toshniwal, others",
JoySpoon,Mouth Freshener,Ahmedabad,Rs 56 lakh,Seed Round,"Dishit Nathwani, Prateek Toshniwal, others",
Aragen,Contract R&D and Manufacturing,Hyderabad,$100 million,Investment Round,Quadria Capital,100000000.0
Netradyne,AI & Edge Computing SaaS,Bengaluru,$90 million,Series D,"Point72 Private Investments, Qualcomm Ventures, Pavilion Capital",90000000.0
WeWork India,Flexible Workspace,Bengaluru,Rs 500 crore ($57.8 million),Rights Issue,Rights Issue,6000000000.0
Foxtale,D2C Skincare,Mumbai,$30 million,Funding Round,"Kose Corporation, Z47 (Matrix Partners India), Kae Capital, Panthera Growth Partners",30000000.0
Ecozen,Climate-Focused Deeptech,Pune,$23 million,Debt Round,"responsAbility Investments AG, Northern Arc Capital Limited, Maanaveeya Development & Finance Private Limited",23000000.0
BGauss,Electric Two-Wheeler Manufacturing,Pune,Rs 161 crore ($20 million),Funding Round,Bharat Value Fund (BVF),1932000000.0
MicroMitti,Proptech,Indore,Rs 90 crore,Funding Round,"Prominent HNIs, family offices, and business leaders",1080000000.0
Sarla Aviation,Aerospace & Electric Flying Taxis,Bengaluru,$10 million,Funding Round,Accel,10000000.0
Skor Technologies,Credit & Financial Services,Bengaluru,$6.2 million,Pre-Series A,"Argor Capital, QED Investors, Saison Capital, Digital Currency Group",6200000.0
AstroSure.ai,Astro-Tech,Chennai,$6 million,Seed Round,"Pradeep Dadha, others",6000000.0
Emiza Supply Chain Services,Logistics & Warehousing,Mumbai,Rs 50 crore ($6 million),Funding Round,"Evolvence India, Mirabilis Investment",600000000.0
Eccentric,Automotive 3D Tech,Mumbai,$5 million,Pre-Series A,"Exfinity Venture Partners, Arkam Ventures",5000000.0
WeVOIS,Waste Management,Jaipur,Rs 36 crore ($4.2 million),Series A,"Negen Capital, Vyom Wealth, Venture Catalysts, SN Capital, Warmup Ventures, Marsshot Ventures, others",432000000.0
Boba Bhai,QSR - Bubble Tea,Bengaluru,Rs 30 crore,Funding Round,8i Ventures,360000000.0
Constelli,Defense Tech,Hyderabad,$3 million,Pre-Series A,Pravega Ventures,3000000.0
Fambo,Foodtech,Noida,Rs 21 crore ($2.5 million),Pre-Series A,"EV2 Ventures, Rajesh Sawhney, UHNIs",252000000.0
TyrePlex,B2B Tyre Marketplace,New Delhi,Rs 20 crore ($2.4 million),Funding Round,"PeerCapital, Titan Capital Winners Fund, Sattva Family Office, others",240000000.0
Zerocircle,Biotech - Seaweed Alternatives,Pune,Rs 20 crore,Funding Round,"Rainmatter, 1Crowd, VC Grid, 7th Gen Ventures, Trudie Styler",240000000.0
KisaanSay,Food Brand,Gurugram,$2 million,Pre-Seed Round,"Jungle Ventures (First Cheque@Jungle), senior food industry leaders",2000000.0
ErlySign,Healthtech,Nagpur,Rs 16 crore ($1.8 million),Pre-Series A,Ashish Kacholia,192000000.0
OrbitAID,Spacetech,Bengaluru,$1.5 million,Pre-Seed Round,"Unicorn India Ventures, TANSIM (Tamil Nadu Government)",1500000.0
GreenStitch,Climate Tech - Fashion,Bengaluru,$1.2 million,Seed Round,"Equirus InnovateX Fund, Ivycap Ventures, Warmup Ventures, Zeca Ventures",1200000.0
ParkMate,Parking Management,Noida,$1.2 million,Funding Round,"Cactus Partners, Venture Catalysts, Marwah Group Family Office",1200000.0
RePut.ai,Supply Chain Solutions,Bengaluru,$1 million,Pre-Seed Funding,"GrowthCap Ventures, angel investors",1000000.0
Quash,AI Startup,Delhi,"$635,000",Pre-Seed Funding,"Arali Ventures, Java Capital, PeerCheque, DeVC (Matrix Partners), Tracxn Co-founder",635000.0
House of Chikankari,D2C Ethnic Wear,New Delhi,Rs 4 crore,Seed Round,"Tudip Ventures, Peyush Bansal (Lenskart), Ankit Nagori, others",48000000.0
Tractor Factory,Agritech,Hoshiarpur,Rs 4 crore,Pre-Seed Round,"All In Capital, Bharat Founders Fund, Devc, family offices",48000000.0
Sukoon Unlimited,Agetech,Bengaluru,"$430,000",Pre-Seed Round,"Anchorage Capital Partners, Vinay Jain, Manish Dureja, others",430000.0
Indiyanet,Commercial Mobility,Bhubaneswar,Undisclosed,Pre-Seed Funding,"PointOne Capital, angel investors",
Indiyanet,Commercial Mobility,Bhubaneswar,Undisclosed,Pre-Seed Funding,"PointOne Capital, angel investors",
Innovaccer Inc.,Healthcare AI,Bengaluru,$275 million,Series F (Primary & Secondary),"B Capital Group, Banner Health, Danaher Ventures LLC, Generation Investment Management, Kaiser Permanente, M12",275000000.0
Oyo,Hospitality,Gurugram,Rs 550 crore ($65 million),Funding Round,Redsprig Innovation Partners (Ritesh Agarwal’s affiliated entity),6600000000.0
Infinity Fincorp Solutions,NBFC,Mumbai,$35 million,Funding Round,"Jungle Ventures, Archerman Capital, Magnifico",35000000.0
Botanic Healthcare,Nutraceutical,Hyderabad,Rs 250 crore ($30 million),Equity Financing,"Stakeboat Capital, Abakkus Four2Eight Opportunities Fund, DS Group",3000000000.0
Waycool,B2B Food & Agritech,Chennai,Rs 110 crore ($13 million),Debt Round,Grand Anicut,1320000000.0
GrayQuest,Edtech/Fintech,Mumbai,Rs 80 crore ($9.3 million),Series B (Equity),"IIFL Fintech Fund, Claypond Capital (Ranjan Pai Family Office), Pravega Ventures",960000000.0
Vehant Technologies,Security & Surveillance,Noida,Rs 75 crore ($9 million),Mezzanine Round,True North’s Private Credit Fund,900000000.0
Mintoak,SaaS,Mumbai,Rs 71 crore,Secondary Funding,Z3Partners,852000000.0
Beyond Snack,Banana Chips Brand,Alappuzha,$8.3 million,Series A,12 Flags Group,8300000.000000001
Emo Energy,Energy Tech,Bengaluru,$6.2 million,Equity Funding,"Subhkam Ventures, Microtek Group, SRK Family Office, Transition VC",6200000.0
Oben Electric,EV Manufacturing,Bengaluru,Rs 50 crore ($6 million),Series A,"Ambis Holding US, Kuberan Ventures, Karimjee Group, Mission Vertical, Sanjeev Saraf Family Office, Pravek Kalp Family Office, others",600000000.0
RAS,Luxury Skincare,Raipur,$5 million,Series A,"Unilever Ventures, Amazon Smbhav Venture Fund",5000000.0
BrainSight AI,Deep-tech Neuroscience,Bengaluru,$5 million,Pre-Series A,"IAN Alpha Fund, IvyCap Ventures, Silver Needle",5000000.0
hBits,Commercial Real Estate,Mumbai,Rs 40 crore,Series A,Capricon Realty Private Limited (Thackersey Group),480000000.0
Zoplar,Medical Equipment Procurement,Gurugram,$3.4 million,Series A,"Blume Ventures, Beenext, Saison Capital, Atrium Angels, Finfirst, LogX",3400000.0
Moonrider,Electric Tractor Tech,Bengaluru,$2.2 million (Rs 19 crore),Seed Round,"AdvantEdge Founders, Micelio Technology Fund, angel investors",
Consint.AI,Healthtech,Noida,Rs 5 crore,Funding Round,"Equanimity Ventures, Seafund",60000000.0
NapTapGo,Affordable Hospitality,Noida,Rs 1 crore,Equity Funding,Balmer Lawrie & Co Ltd,12000000.0
KIBI Sports,Sports Tech,Bengaluru,"$100,000",Pre-Seed Funding,"Angel Investors including Saurabh Aggarwal, Arpit Bhardwaj, Vartika Joshi, others",100000.0
